Date,Start (ET),Visitor/Neutral,PTS,Home/Neutral,PTS,OT?,Attend.,
Tue. Dec 22. 2020,7:00p,Golden State Warriors,99,Brooklyn Nets,125,,0,
Tue. Dec 22. 2020,10:00p,Los Angeles Clippers,116,Los Angeles Lakers,109,,0,
Wed. Dec 23. 2020,7:00p,Charlotte Hornets,114,Cleveland Cavaliers,121,,300,
Wed. Dec 23. 2020,7:00p,New York Knicks,107,Indiana Pacers,121,,0,
Wed. Dec 23. 2020,7:00p,Miami Heat,107,Orlando Magic,113,,"3,396",
Wed. Dec 23. 2020,7:00p,Washington Wizards,107,Philadelphia 76ers,113,,0,
Wed. Dec 23. 2020,7:30p,New Orleans Pelicans,113,Toronto Raptors,99,,"3,800",
Wed. Dec 23. 2020,7:30p,Milwaukee Bucks,121,Boston Celtics,122,,0,
Wed. Dec 23. 2020,8:00p,Atlanta Hawks,124,Chicago Bulls,104,,0,
Wed. Dec 23. 2020,8:00p,San Antonio Spurs,131,Memphis Grizzlies,119,,0,
Wed. Dec 23. 2020,8:00p,Detroit Pistons,101,Minnesota Timberwolves,111,,0,
Wed. Dec 23. 2020,9:00p,Sacramento Kings,124,Denver Nuggets,122,OT,0,
Wed. Dec 23. 2020,10:00p,Utah Jazz,120,Portland Trail Blazers,100,,0,
Wed. Dec 23. 2020,10:30p,Dallas Mavericks,102,Phoenix Suns,106,,0,
Fri. Dec 25. 2020,12:00p,New Orleans Pelicans,98,Miami Heat,111,,0,
Fri. Dec 25. 2020,2:30p,Golden State Warriors,99,Milwaukee Bucks,138,,0,
Fri. Dec 25. 2020,5:00p,Brooklyn Nets,123,Boston Celtics,95,,0,
Fri. Dec 25. 2020,8:00p,Dallas Mavericks,115,Los Angeles Lakers,138,,0,
Fri. Dec 25. 2020,10:30p,Los Angeles Clippers,121,Denver Nuggets,108,,0,
Sat. Dec 26. 2020,5:00p,Atlanta Hawks,122,Memphis Grizzlies,112,,0,
Sat. Dec 26. 2020,7:00p,Oklahoma City Thunder,109,Charlotte Hornets,107,,0,
Sat. Dec 26. 2020,7:00p,Cleveland Cavaliers,128,Detroit Pistons,119,2OT,0,
Sat. Dec 26. 2020,7:00p,Orlando Magic,130,Washington Wizards,120,,0,
Sat. Dec 26. 2020,7:30p,Philadelphia 76ers,109,New York Knicks,89,,0,
Sat. Dec 26. 2020,8:00p,Indiana Pacers,125,Chicago Bulls,106,,0,
Sat. Dec 26. 2020,8:30p,Toronto Raptors,114,San Antonio Spurs,119,,0,
Sat. Dec 26. 2020,9:00p,Minnesota Timberwolves,116,Utah Jazz,111,,"1,932",
Sat. Dec 26. 2020,10:00p,Houston Rockets,126,Portland Trail Blazers,128,OT,0,
Sat. Dec 26. 2020,10:00p,Phoenix Suns,103,Sacramento Kings,106,,0,
Sun. Dec 27. 2020,3:30p,Dallas Mavericks,124,Los Angeles Clippers,73,,0,
Sun. Dec 27. 2020,7:00p,San Antonio Spurs,95,New Orleans Pelicans,98,,750,
Sun. Dec 27. 2020,7:00p,Orlando Magic,120,Washington Wizards,113,,0,
Sun. Dec 27. 2020,7:00p,Brooklyn Nets,104,Charlotte Hornets,106,,0,
Sun. Dec 27. 2020,7:30p,Philadelphia 76ers,94,Cleveland Cavaliers,118,,300,
Sun. Dec 27. 2020,7:30p,Milwaukee Bucks,110,New York Knicks,130,,0,
Sun. Dec 27. 2020,8:00p,Boston Celtics,107,Indiana Pacers,108,,0,
Sun. Dec 27. 2020,8:00p,Golden State Warriors,129,Chicago Bulls,128,,0,
Sun. Dec 27. 2020,9:00p,Phoenix Suns,116,Sacramento Kings,100,,0,
Sun. Dec 27. 2020,10:00p,Minnesota Timberwolves,91,Los Angeles Lakers,127,,0,
Mon. Dec 28. 2020,7:30p,Memphis Grizzlies,116,Brooklyn Nets,111,OT,0,
Mon. Dec 28. 2020,7:30p,Detroit Pistons,120,Atlanta Hawks,128,,0,
Mon. Dec 28. 2020,8:00p,Utah Jazz,110,Oklahoma City Thunder,109,,0,
Mon. Dec 28. 2020,9:00p,Houston Rockets,111,Denver Nuggets,124,,0,
Mon. Dec 28. 2020,10:00p,Portland Trail Blazers,115,Los Angeles Lakers,107,,0,
Tue. Dec 29. 2020,7:00p,New York Knicks,95,Cleveland Cavaliers,86,,300,
Tue. Dec 29. 2020,7:00p,Golden State Warriors,116,Detroit Pistons,106,,0,
Tue. Dec 29. 2020,7:00p,Boston Celtics,116,Indiana Pacers,111,,0,
Tue. Dec 29. 2020,7:00p,Chicago Bulls,115,Washington Wizards,107,,0,
Tue. Dec 29. 2020,7:00p,Toronto Raptors,93,Philadelphia 76ers,100,,0,
Tue. Dec 29. 2020,7:30p,Milwaukee Bucks,144,Miami Heat,97,,0,
Tue. Dec 29. 2020,8:00p,Orlando Magic,118,Oklahoma City Thunder,107,,0,
Tue. Dec 29. 2020,10:00p,New Orleans Pelicans,86,Phoenix Suns,111,,0,
Tue. Dec 29. 2020,10:00p,Denver Nuggets,115,Sacramento Kings,125,,0,
Tue. Dec 29. 2020,10:00p,Minnesota Timberwolves,101,Los Angeles Clippers,124,,0,
Wed. Dec 30. 2020,7:30p,Milwaukee Bucks,108,Miami Heat,119,,0,
Wed. Dec 30. 2020,7:30p,Atlanta Hawks,141,Brooklyn Nets,145,,0,
Wed. Dec 30. 2020,7:30p,Memphis Grizzlies,107,Boston Celtics,126,,0,
Wed. Dec 30. 2020,8:30p,Charlotte Hornets,118,Dallas Mavericks,99,,0,
Wed. Dec 30. 2020,8:30p,Los Angeles Lakers,121,San Antonio Spurs,107,,0,
Wed. Dec 30. 2020,10:00p,Portland Trail Blazers,105,Los Angeles Clippers,128,,0,
Thu. Dec 31. 2020,3:00p,Cleveland Cavaliers,99,Indiana Pacers,119,,0,
Thu. Dec 31. 2020,5:00p,Chicago Bulls,133,Washington Wizards,130,,0,
Thu. Dec 31. 2020,6:30p,Philadelphia 76ers,116,Orlando Magic,92,,"3,247",
Thu. Dec 31. 2020,7:00p,Sacramento Kings,119,Houston Rockets,122,,"3,247",
Thu. Dec 31. 2020,7:30p,New York Knicks,83,Toronto Raptors,100,,"3,449",
Thu. Dec 31. 2020,8:00p,New Orleans Pelicans,113,Oklahoma City Thunder,80,,0,
Thu. Dec 31. 2020,9:00p,Phoenix Suns,106,Utah Jazz,95,,"1,932",
Fri. Jan 1. 2021,7:00p,Memphis Grizzlies,108,Charlotte Hornets,93,,0,
Fri. Jan 1. 2021,7:00p,Miami Heat,83,Dallas Mavericks,93,,0,
Fri. Jan 1. 2021,7:00p,Boston Celtics,93,Detroit Pistons,96,,0,
Fri. Jan 1. 2021,7:30p,Atlanta Hawks,114,Brooklyn Nets,96,,0,
Fri. Jan 1. 2021,8:00p,Chicago Bulls,96,Milwaukee Bucks,126,,0,
Fri. Jan 1. 2021,8:00p,Washington Wizards,130,Minnesota Timberwolves,109,,0,
Fri. Jan 1. 2021,8:00p,Los Angeles Lakers,109,San Antonio Spurs,103,,0,
Fri. Jan 1. 2021,9:00p,Phoenix Suns,106,Denver Nuggets,103,,0,
Fri. Jan 1. 2021,9:00p,Los Angeles Clippers,100,Utah Jazz,106,,"1,932",
Fri. Jan 1. 2021,10:30p,Portland Trail Blazers,123,Golden State Warriors,98,,0,
Sat. Jan 2. 2021,5:00p,Sacramento Kings,94,Houston Rockets,102,,"3,065",
Sat. Jan 2. 2021,7:00p,New York Knicks,106,Indiana Pacers,102,,0,
Sat. Jan 2. 2021,7:00p,Oklahoma City Thunder,108,Orlando Magic,99,,"3,339",
Sat. Jan 2. 2021,7:00p,Charlotte Hornets,112,Philadelphia 76ers,127,,0,
Sat. Jan 2. 2021,7:30p,Cleveland Cavaliers,96,Atlanta Hawks,91,,0,
Sat. Jan 2. 2021,7:30p,Toronto Raptors,116,New Orleans Pelicans,120,,750,
Sun. Jan 3. 2021,3:00p,Boston Celtics,122,Detroit Pistons,120,,0,
Sun. Jan 3. 2021,6:00p,Washington Wizards,123,Brooklyn Nets,122,,0,
Sun. Jan 3. 2021,6:00p,Los Angeles Lakers,108,Memphis Grizzlies,94,,0,
Sun. Jan 3. 2021,7:00p,Denver Nuggets,124,Minnesota Timberwolves,109,,0,
Sun. Jan 3. 2021,7:00p,Utah Jazz,130,San Antonio Spurs,109,,0,
Sun. Jan 3. 2021,8:00p,Dallas Mavericks,108,Chicago Bulls,118,,0,
Sun. Jan 3. 2021,8:00p,Los Angeles Clippers,112,Phoenix Suns,107,,0,
Sun. Jan 3. 2021,8:30p,Portland Trail Blazers,122,Golden State Warriors,137,,0,
Mon. Jan 4. 2021,7:00p,Cleveland Cavaliers,83,Orlando Magic,103,,"2,726",
Mon. Jan 4. 2021,7:00p,Charlotte Hornets,101,Philadelphia 76ers,118,,0,
Mon. Jan 4. 2021,7:30p,New York Knicks,113,Atlanta Hawks,108,,0,
Mon. Jan 4. 2021,7:30p,Oklahoma City Thunder,90,Miami Heat,118,,0,
Mon. Jan 4. 2021,7:30p,Boston Celtics,126,Toronto Raptors,114,,"3,740",
Mon. Jan 4. 2021,8:00p,Dallas Mavericks,113,Houston Rockets,100,,"3,070",
Mon. Jan 4. 2021,8:00p,Detroit Pistons,115,Milwaukee Bucks,125,,0,
Mon. Jan 4. 2021,8:00p,Indiana Pacers,118,New Orleans Pelicans,116,OT,750,
Mon. Jan 4. 2021,10:00p,Sacramento Kings,106,Golden State Warriors,137,,0,
Tue. Jan 5. 2021,7:30p,Utah Jazz,96,Brooklyn Nets,130,,0,
Tue. Jan 5. 2021,8:00p,Los Angeles Lakers,94,Memphis Grizzlies,92,,0,
Tue. Jan 5. 2021,9:00p,Minnesota Timberwolves,116,Denver Nuggets,123,,0,
Tue. Jan 5. 2021,10:00p,San Antonio Spurs,116,Los Angeles Clippers,113,,0,
Tue. Jan 5. 2021,10:30p,Chicago Bulls,111,Portland Trail Blazers,108,,0,
Wed. Jan 6. 2021,7:00p,Houston Rockets,107,Indiana Pacers,114,,0,
Wed. Jan 6. 2021,7:00p,Cleveland Cavaliers,94,Orlando Magic,105,,"2,948",
Wed. Jan 6. 2021,7:00p,Washington Wizards,136,Philadelphia 76ers,141,,0,
Wed. Jan 6. 2021,7:30p,Charlotte Hornets,102,Atlanta Hawks,94,,0,
Wed. Jan 6. 2021,7:30p,Boston Celtics,107,Miami Heat,105,,0,
Wed. Jan 6. 2021,7:30p,Utah Jazz,100,New York Knicks,112,,0,
Wed. Jan 6. 2021,8:00p,Detroit Pistons,115,Milwaukee Bucks,130,,0,
Wed. Jan 6. 2021,8:00p,Oklahoma City Thunder,111,New Orleans Pelicans,110,,750,
Wed. Jan 6. 2021,9:00p,Toronto Raptors,115,Phoenix Suns,123,,0,
Wed. Jan 6. 2021,10:00p,Los Angeles Clippers,108,Golden State Warriors,101,,0,
Wed. Jan 6. 2021,10:00p,Chicago Bulls,124,Sacramento Kings,128,,0,
Thu. Jan 7. 2021,7:30p,Philadelphia 76ers,109,Brooklyn Nets,122,,0,
Thu. Jan 7. 2021,8:00p,Cleveland Cavaliers,94,Memphis Grizzlies,90,,0,
Thu. Jan 7. 2021,10:00p,Dallas Mavericks,124,Denver Nuggets,117,OT,0,
Thu. Jan 7. 2021,10:00p,San Antonio Spurs,118,Los Angeles Lakers,109,,0,
Thu. Jan 7. 2021,10:00p,Minnesota Timberwolves,117,Portland Trail Blazers,135,,0,
Fri. Jan 8. 2021,7:00p,Phoenix Suns,105,Detroit Pistons,110,OT,0,
Fri. Jan 8. 2021,7:30p,Washington Wizards,107,Boston Celtics,116,,0,
Fri. Jan 8. 2021,7:30p,Charlotte Hornets,118,New Orleans Pelicans,110,,750,
Fri. Jan 8. 2021,7:30p,Oklahoma City Thunder,101,New York Knicks,89,,0,
Fri. Jan 8. 2021,8:00p,Orlando Magic,90,Houston Rockets,132,,"3,039",
Fri. Jan 8. 2021,8:00p,Brooklyn Nets,110,Memphis Grizzlies,115,,0,
Fri. Jan 8. 2021,8:00p,Utah Jazz,131,Milwaukee Bucks,118,,0,
Fri. Jan 8. 2021,10:00p,Los Angeles Clippers,105,Golden State Warriors,115,,0,
Fri. Jan 8. 2021,10:00p,Chicago Bulls,115,Los Angeles Lakers,117,,0,
Fri. Jan 8. 2021,10:00p,Toronto Raptors,144,Sacramento Kings,123,,0,
Sat. Jan 9. 2021,3:00p,Denver Nuggets,115,Philadelphia 76ers,103,,0,
Sat. Jan 9. 2021,7:00p,Atlanta Hawks,105,Charlotte Hornets,113,,0,
Sat. Jan 9. 2021,7:00p,Phoenix Suns,125,Indiana Pacers,117,,0,
Sat. Jan 9. 2021,7:00p,Miami Heat,128,Washington Wizards,124,,0,
Sat. Jan 9. 2021,8:00p,Cleveland Cavaliers,90,Milwaukee Bucks,100,,0,
Sat. Jan 9. 2021,8:00p,San Antonio Spurs,125,Minnesota Timberwolves,122,OT,0,
Sat. Jan 9. 2021,8:30p,Orlando Magic,98,Dallas Mavericks,112,,0,
Sat. Jan 9. 2021,10:00p,Portland Trail Blazers,125,Sacramento Kings,99,,0,
Sun. Jan 10. 2021,3:00p,Utah Jazz,96,Detroit Pistons,86,,0,
Sun. Jan 10. 2021,4:00p,Chicago Bulls,127,Los Angeles Clippers,130,,0,
Sun. Jan 10. 2021,6:00p,Oklahoma City Thunder,129,Brooklyn Nets,116,,0,
Sun. Jan 10. 2021,6:00p,Denver Nuggets,114,New York Knicks,89,,0,
Sun. Jan 10. 2021,7:00p,Los Angeles Lakers,120,Houston Rockets,102,,"3,327",
Sun. Jan 10. 2021,8:00p,San Antonio Spurs,88,Minnesota Timberwolves,96,,0,
Sun. Jan 10. 2021,8:30p,Toronto Raptors,105,Golden State Warriors,106,,0,
Mon. Jan 11. 2021,7:00p,New York Knicks,88,Charlotte Hornets,109,,0,
Mon. Jan 11. 2021,7:00p,Memphis Grizzlies,101,Cleveland Cavaliers,91,,"1,944",
Mon. Jan 11. 2021,7:00p,Milwaukee Bucks,121,Orlando Magic,99,,"3,248",
Mon. Jan 11. 2021,7:00p,Phoenix Suns,107,Washington Wizards,128,,0,
Mon. Jan 11. 2021,7:30p,Philadelphia 76ers,94,Atlanta Hawks,112,,0,
Mon. Jan 11. 2021,10:00p,Toronto Raptors,111,Portland Trail Blazers,112,,0,
Mon. Jan 11. 2021,10:00p,Indiana Pacers,122,Sacramento Kings,127,,0,
Tue. Jan 12. 2021,7:00p,Miami Heat,134,Philadelphia 76ers,137,OT,0,
Tue. Jan 12. 2021,7:30p,Denver Nuggets,116,Brooklyn Nets,122,,0,
Tue. Jan 12. 2021,7:30p,Utah Jazz,117,Cleveland Cavaliers,87,,"1,944",
Tue. Jan 12. 2021,8:00p,Los Angeles Lakers,117,Houston Rockets,100,,"3,221",
Tue. Jan 12. 2021,8:00p,San Antonio Spurs,112,Oklahoma City Thunder,102,,0,
Tue. Jan 12. 2021,10:30p,Indiana Pacers,104,Golden State Warriors,95,,0,
Wed. Jan 13. 2021,7:00p,Dallas Mavericks,104,Charlotte Hornets,93,,0,
Wed. Jan 13. 2021,7:00p,Milwaukee Bucks,110,Detroit Pistons,101,,0,
Wed. Jan 13. 2021,7:30p,Brooklyn Nets,116,New York Knicks,109,,0,
Wed. Jan 13. 2021,8:00p,Memphis Grizzlies,118,Minnesota Timberwolves,107,,0,
Wed. Jan 13. 2021,8:00p,Los Angeles Lakers,128,Oklahoma City Thunder,99,,0,
Wed. Jan 13. 2021,10:00p,New Orleans Pelicans,106,Los Angeles Clippers,111,,0,
Wed. Jan 13. 2021,10:00p,Portland Trail Blazers,132,Sacramento Kings,126,,0,
Thu. Jan 14. 2021,7:00p,Miami Heat,108,Philadelphia 76ers,125,,0,
Thu. Jan 14. 2021,7:30p,Houston Rockets,109,San Antonio Spurs,105,,0,
Thu. Jan 14. 2021,7:30p,Charlotte Hornets,108,Toronto Raptors,111,,0,
Thu. Jan 14. 2021,10:00p,Golden State Warriors,104,Denver Nuggets,114,,0,
Thu. Jan 14. 2021,10:00p,Indiana Pacers,111,Portland Trail Blazers,87,,0,
Fri. Jan 15. 2021,7:30p,Orlando Magic,97,Boston Celtics,124,,0,
Fri. Jan 15. 2021,7:30p,New York Knicks,103,Cleveland Cavaliers,106,,"1,944",
Fri. Jan 15. 2021,7:30p,Dallas Mavericks,109,Milwaukee Bucks,112,,0,
Fri. Jan 15. 2021,8:00p,Chicago Bulls,125,Oklahoma City Thunder,127,OT,0,
Fri. Jan 15. 2021,9:00p,Atlanta Hawks,92,Utah Jazz,116,,"1,932",
Fri. Jan 15. 2021,10:00p,New Orleans Pelicans,95,Los Angeles Lakers,112,,0,
Fri. Jan 15. 2021,10:00p,Los Angeles Clippers,138,Sacramento Kings,100,,0,
Sat. Jan 16. 2021,5:00p,Houston Rockets,91,San Antonio Spurs,103,,0,
Sat. Jan 16. 2021,6:00p,Orlando Magic,115,Brooklyn Nets,122,,0,
Sat. Jan 16. 2021,7:30p,Charlotte Hornets,113,Toronto Raptors,116,,0,
Sat. Jan 16. 2021,8:00p,Philadelphia 76ers,104,Memphis Grizzlies,106,,206,
Sat. Jan 16. 2021,8:00p,Detroit Pistons,120,Miami Heat,100,,0,
Sat. Jan 16. 2021,10:00p,Atlanta Hawks,106,Portland Trail Blazers,112,,0,
Sun. Jan 17. 2021,1:00p,New York Knicks,105,Boston Celtics,75,,0,
Sun. Jan 17. 2021,3:00p,Chicago Bulls,117,Dallas Mavericks,101,,0,
Sun. Jan 17. 2021,8:00p,Utah Jazz,109,Denver Nuggets,105,,0,
Sun. Jan 17. 2021,9:00p,New Orleans Pelicans,128,Sacramento Kings,123,,0,
Sun. Jan 17. 2021,10:00p,Indiana Pacers,96,Los Angeles Clippers,129,,0,
Mon. Jan 18. 2021,12:00p,Orlando Magic,84,New York Knicks,91,,0,
Mon. Jan 18. 2021,2:30p,Minnesota Timberwolves,97,Atlanta Hawks,108,,0,
Mon. Jan 18. 2021,3:00p,San Antonio Spurs,125,Portland Trail Blazers,104,,0,
Mon. Jan 18. 2021,5:00p,Phoenix Suns,104,Memphis Grizzlies,108,,204,
Mon. Jan 18. 2021,7:30p,Milwaukee Bucks,123,Brooklyn Nets,125,,0,
Mon. Jan 18. 2021,7:30p,Dallas Mavericks,93,Toronto Raptors,116,,0,
Mon. Jan 18. 2021,8:00p,Houston Rockets,120,Chicago Bulls,125,,0,
Mon. Jan 18. 2021,8:00p,Detroit Pistons,107,Miami Heat,113,,0,
Mon. Jan 18. 2021,10:00p,Golden State Warriors,115,Los Angeles Lakers,113,,0,
Tue. Jan 19. 2021,9:00p,Oklahoma City Thunder,101,Denver Nuggets,119,,0,
Tue. Jan 19. 2021,9:00p,New Orleans Pelicans,102,Utah Jazz,118,,"1,932",
Wed. Jan 20. 2021,7:00p,Brooklyn Nets,135,Cleveland Cavaliers,147,2OT,"1,944",
Wed. Jan 20. 2021,7:00p,Dallas Mavericks,124,Indiana Pacers,112,,0,
Wed. Jan 20. 2021,7:00p,Boston Celtics,109,Philadelphia 76ers,117,,0,
Wed. Jan 20. 2021,7:30p,Detroit Pistons,115,Atlanta Hawks,123,OT,0,
Wed. Jan 20. 2021,7:30p,Miami Heat,111,Toronto Raptors,102,,0,
Wed. Jan 20. 2021,8:00p,Orlando Magic,97,Minnesota Timberwolves,96,,0,
Wed. Jan 20. 2021,9:30p,Phoenix Suns,109,Houston Rockets,103,,"3,022",
Wed. Jan 20. 2021,10:00p,San Antonio Spurs,99,Golden State Warriors,121,,0,
Wed. Jan 20. 2021,10:00p,Sacramento Kings,96,Los Angeles Clippers,115,,0,
Thu. Jan 21. 2021,7:30p,Los Angeles Lakers,113,Milwaukee Bucks,106,,0,
Thu. Jan 21. 2021,10:00p,New York Knicks,119,Golden State Warriors,104,,0,
Thu. Jan 21. 2021,10:00p,New Orleans Pelicans,118,Utah Jazz,129,,"1,932",
Fri. Jan 22. 2021,7:00p,Chicago Bulls,123,Charlotte Hornets,110,,0,
Fri. Jan 22. 2021,7:00p,Houston Rockets,103,Detroit Pistons,102,,0,
Fri. Jan 22. 2021,7:00p,Orlando Magic,118,Indiana Pacers,120,OT,0,
Fri. Jan 22. 2021,7:30p,Brooklyn Nets,113,Cleveland Cavaliers,125,,"1,944",
Fri. Jan 22. 2021,7:30p,Boston Celtics,110,Philadelphia 76ers,122,,0,
Fri. Jan 22. 2021,7:30p,Miami Heat,81,Toronto Raptors,101,,0,
Fri. Jan 22. 2021,8:00p,Atlanta Hawks,116,Minnesota Timberwolves,98,,0,
Fri. Jan 22. 2021,8:30p,Dallas Mavericks,122,San Antonio Spurs,117,,0,
Fri. Jan 22. 2021,10:00p,Oklahoma City Thunder,106,Los Angeles Clippers,120,,0,
Fri. Jan 22. 2021,10:00p,Denver Nuggets,130,Phoenix Suns,126,OT,0,
Fri. Jan 22. 2021,10:00p,New York Knicks,94,Sacramento Kings,103,,0,
Sat. Jan 23. 2021,8:00p,Miami Heat,124,Brooklyn Nets,128,,0,
Sat. Jan 23. 2021,8:00p,Philadelphia 76ers,114,Detroit Pistons,110,,0,
Sat. Jan 23. 2021,8:00p,New Orleans Pelicans,110,Minnesota Timberwolves,120,,0,
Sat. Jan 23. 2021,9:00p,Los Angeles Lakers,101,Chicago Bulls,90,,0,
Sat. Jan 23. 2021,9:00p,Houston Rockets,133,Dallas Mavericks,108,,0,
Sat. Jan 23. 2021,9:00p,Denver Nuggets,120,Phoenix Suns,112,2OT,0,
Sat. Jan 23. 2021,9:00p,Golden State Warriors,108,Utah Jazz,127,,"1,932",
Sun. Jan 24. 2021,1:00p,Toronto Raptors,107,Indiana Pacers,102,,0,
Sun. Jan 24. 2021,4:00p,Oklahoma City Thunder,100,Los Angeles Clippers,108,,0,
Sun. Jan 24. 2021,7:00p,Cleveland Cavaliers,103,Boston Celtics,141,,0,
Sun. Jan 24. 2021,7:00p,Charlotte Hornets,107,Orlando Magic,104,,"3,507",
Sun. Jan 24. 2021,8:00p,Atlanta Hawks,115,Milwaukee Bucks,129,,0,
Sun. Jan 24. 2021,8:00p,Washington Wizards,101,San Antonio Spurs,121,,0,
Sun. Jan 24. 2021,10:00p,New York Knicks,113,Portland Trail Blazers,116,,0,
Mon. Jan 25. 2021,7:00p,Philadelphia 76ers,104,Detroit Pistons,119,,0,
Mon. Jan 25. 2021,7:00p,Toronto Raptors,114,Indiana Pacers,129,,0,
Mon. Jan 25. 2021,7:00p,Charlotte Hornets,108,Orlando Magic,117,,"3,167",
Mon. Jan 25. 2021,7:30p,Miami Heat,85,Brooklyn Nets,98,,0,
Mon. Jan 25. 2021,8:00p,Los Angeles Lakers,115,Cleveland Cavaliers,108,,0,
Mon. Jan 25. 2021,8:30p,Denver Nuggets,117,Dallas Mavericks,113,,0,
Mon. Jan 25. 2021,9:00p,Boston Celtics,119,Chicago Bulls,103,,0,
Mon. Jan 25. 2021,10:00p,Minnesota Timberwolves,108,Golden State Warriors,130,,0,
Mon. Jan 25. 2021,10:00p,Oklahoma City Thunder,125,Portland Trail Blazers,122,,0,
Tue. Jan 26. 2021,7:30p,Los Angeles Clippers,99,Atlanta Hawks,108,,"1,180",
Tue. Jan 26. 2021,8:00p,Washington Wizards,88,Houston Rockets,107,,"2,996",
Tue. Jan 26. 2021,9:00p,New York Knicks,94,Utah Jazz,108,,"1,932",
Wed. Jan 27. 2021,7:00p,Indiana Pacers,116,Charlotte Hornets,106,,0,
Wed. Jan 27. 2021,7:00p,Detroit Pistons,107,Cleveland Cavaliers,122,,"1,944",
Wed. Jan 27. 2021,7:00p,Sacramento Kings,121,Orlando Magic,107,,"3,216",
Wed. Jan 27. 2021,7:30p,Brooklyn Nets,132,Atlanta Hawks,128,OT,"1,008",
Wed. Jan 27. 2021,7:30p,Denver Nuggets,109,Miami Heat,82,,0,
Wed. Jan 27. 2021,7:30p,Los Angeles Lakers,106,Philadelphia 76ers,107,,0,
Wed. Jan 27. 2021,7:30p,Milwaukee Bucks,115,Toronto Raptors,108,,0,
Wed. Jan 27. 2021,8:30p,Boston Celtics,106,San Antonio Spurs,110,,0,
Wed. Jan 27. 2021,9:00p,Washington Wizards,106,New Orleans Pelicans,124,,750,
Wed. Jan 27. 2021,9:00p,Oklahoma City Thunder,102,Phoenix Suns,97,,0,
Wed. Jan 27. 2021,9:00p,Dallas Mavericks,104,Utah Jazz,116,,0,
Wed. Jan 27. 2021,10:00p,Minnesota Timberwolves,111,Golden State Warriors,123,,0,
Thu. Jan 28. 2021,7:30p,Portland Trail Blazers,101,Houston Rockets,104,,"3,154",
Thu. Jan 28. 2021,8:00p,Los Angeles Lakers,92,Detroit Pistons,107,,0,
Thu. Jan 28. 2021,8:00p,Los Angeles Clippers,109,Miami Heat,105,,0,
Thu. Jan 28. 2021,10:00p,Golden State Warriors,93,Phoenix Suns,114,,0,
Fri. Jan 29. 2021,7:00p,Indiana Pacers,105,Charlotte Hornets,108,,0,
Fri. Jan 29. 2021,7:00p,Atlanta Hawks,116,Washington Wizards,100,,0,
Fri. Jan 29. 2021,7:30p,Milwaukee Bucks,126,New Orleans Pelicans,131,,"1,440",
Fri. Jan 29. 2021,7:30p,Cleveland Cavaliers,81,New York Knicks,102,,0,
Fri. Jan 29. 2021,7:30p,Sacramento Kings,126,Toronto Raptors,124,,0,
Fri. Jan 29. 2021,8:00p,Philadelphia 76ers,118,Minnesota Timberwolves,94,,0,
Fri. Jan 29. 2021,8:00p,Brooklyn Nets,147,Oklahoma City Thunder,125,,0,
Fri. Jan 29. 2021,8:00p,Los Angeles Clippers,116,Orlando Magic,90,,"3,763",
Fri. Jan 29. 2021,8:30p,Denver Nuggets,109,San Antonio Spurs,119,,0,
Fri. Jan 29. 2021,10:00p,Dallas Mavericks,101,Utah Jazz,120,,"1,932",
Sat. Jan 30. 2021,8:00p,Portland Trail Blazers,123,Chicago Bulls,122,,0,
Sat. Jan 30. 2021,8:00p,Milwaukee Bucks,114,Charlotte Hornets,126,,0,
Sat. Jan 30. 2021,8:00p,Sacramento Kings,104,Miami Heat,105,,0,
Sat. Jan 30. 2021,8:00p,Houston Rockets,126,New Orleans Pelicans,112,,"1,440",
Sat. Jan 30. 2021,8:30p,Los Angeles Lakers,96,Boston Celtics,95,,0,
Sat. Jan 30. 2021,8:30p,Memphis Grizzlies,129,San Antonio Spurs,112,,0,
Sat. Jan 30. 2021,9:00p,Phoenix Suns,111,Dallas Mavericks,105,,0,
Sat. Jan 30. 2021,10:00p,Detroit Pistons,91,Golden State Warriors,118,,0,
Sun. Jan 31. 2021,1:00p,Los Angeles Clippers,129,New York Knicks,115,,0,
Sun. Jan 31. 2021,3:30p,Utah Jazz,117,Denver Nuggets,128,,0,
Sun. Jan 31. 2021,7:00p,Philadelphia 76ers,119,Indiana Pacers,110,,0,
Sun. Jan 31. 2021,7:00p,Orlando Magic,102,Toronto Raptors,115,,0,
Sun. Jan 31. 2021,7:00p,Brooklyn Nets,146,Washington Wizards,149,,0,
Sun. Jan 31. 2021,8:00p,Cleveland Cavaliers,104,Minnesota Timberwolves,109,,0,
Mon. Feb 1. 2021,7:30p,Los Angeles Lakers,107,Atlanta Hawks,99,,"1,341",
Mon. Feb 1. 2021,7:30p,Charlotte Hornets,129,Miami Heat,121,OT,0,
Mon. Feb 1. 2021,8:00p,New York Knicks,102,Chicago Bulls,110,,0,
Mon. Feb 1. 2021,8:00p,Minnesota Timberwolves,98,Cleveland Cavaliers,100,,0,
Mon. Feb 1. 2021,8:00p,Portland Trail Blazers,106,Milwaukee Bucks,134,,0,
Mon. Feb 1. 2021,8:00p,Sacramento Kings,118,New Orleans Pelicans,109,,"1,440",
Mon. Feb 1. 2021,8:00p,Houston Rockets,136,Oklahoma City Thunder,106,,0,
Mon. Feb 1. 2021,8:30p,Phoenix Suns,109,Dallas Mavericks,108,,0,
Mon. Feb 1. 2021,8:30p,Memphis Grizzlies,133,San Antonio Spurs,102,,0,
Tue. Feb 2. 2021,7:00p,Toronto Raptors,123,Orlando Magic,108,,"3,211",
Tue. Feb 2. 2021,7:30p,Los Angeles Clippers,120,Brooklyn Nets,124,,0,
Tue. Feb 2. 2021,8:00p,Memphis Grizzlies,116,Indiana Pacers,134,,0,
Tue. Feb 2. 2021,8:00p,Portland Trail Blazers,132,Washington Wizards,121,,0,
Tue. Feb 2. 2021,10:00p,Boston Celtics,111,Golden State Warriors,107,,0,
Tue. Feb 2. 2021,10:00p,Detroit Pistons,105,Utah Jazz,117,,"3,902",
Wed. Feb 3. 2021,7:00p,Philadelphia 76ers,118,Charlotte Hornets,111,,0,
Wed. Feb 3. 2021,7:00p,Indiana Pacers,110,Milwaukee Bucks,130,,0,
Wed. Feb 3. 2021,7:30p,Dallas Mavericks,122,Atlanta Hawks,116,,"1,259",
Wed. Feb 3. 2021,8:00p,New York Knicks,107,Chicago Bulls,103,,0,
Wed. Feb 3. 2021,8:00p,Los Angeles Clippers,121,Cleveland Cavaliers,99,,"1,944",
Wed. Feb 3. 2021,8:00p,Washington Wizards,103,Miami Heat,100,,0,
Wed. Feb 3. 2021,8:00p,Houston Rockets,87,Oklahoma City Thunder,104,,0,
Wed. Feb 3. 2021,8:30p,Minnesota Timberwolves,108,San Antonio Spurs,111,,0,
Wed. Feb 3. 2021,9:30p,Phoenix Suns,101,New Orleans Pelicans,123,,"1,440",
Wed. Feb 3. 2021,10:00p,Boston Celtics,111,Sacramento Kings,116,,0,
Thu. Feb 4. 2021,7:30p,Utah Jazz,112,Atlanta Hawks,91,,"1,261",
Thu. Feb 4. 2021,7:30p,Golden State Warriors,147,Dallas Mavericks,116,,0,
Thu. Feb 4. 2021,8:00p,Portland Trail Blazers,121,Philadelphia 76ers,105,,0,
Thu. Feb 4. 2021,9:00p,Houston Rockets,115,Memphis Grizzlies,103,,"1,762",
Thu. Feb 4. 2021,10:00p,Denver Nuggets,93,Los Angeles Lakers,114,,0,
Fri. Feb 5. 2021,7:00p,New Orleans Pelicans,114,Indiana Pacers,113,,0,
Fri. Feb 5. 2021,7:00p,Chicago Bulls,119,Orlando Magic,123,,"3,535",
Fri. Feb 5. 2021,7:30p,Toronto Raptors,123,Brooklyn Nets,117,,0,
Fri. Feb 5. 2021,7:30p,Milwaukee Bucks,123,Cleveland Cavaliers,105,,"2,720",
Fri. Feb 5. 2021,8:00p,Utah Jazz,138,Charlotte Hornets,121,,0,
Fri. Feb 5. 2021,8:00p,Washington Wizards,95,Miami Heat,122,,0,
Fri. Feb 5. 2021,8:00p,Minnesota Timberwolves,106,Oklahoma City Thunder,103,,0,
Fri. Feb 5. 2021,9:00p,Detroit Pistons,92,Phoenix Suns,109,,0,
Fri. Feb 5. 2021,10:00p,Boston Celtics,119,Los Angeles Clippers,115,,0,
Sat. Feb 6. 2021,1:00p,Portland Trail Blazers,99,New York Knicks,110,,0,
Sat. Feb 6. 2021,5:00p,Denver Nuggets,114,Sacramento Kings,119,,0,
Sat. Feb 6. 2021,7:00p,Chicago Bulls,118,Orlando Magic,92,,"3,880",
Sat. Feb 6. 2021,8:00p,Toronto Raptors,121,Atlanta Hawks,132,,991,
Sat. Feb 6. 2021,8:00p,Milwaukee Bucks,124,Cleveland Cavaliers,99,,"2,720",
Sat. Feb 6. 2021,8:00p,San Antonio Spurs,111,Houston Rockets,106,,"3,313",
Sat. Feb 6. 2021,8:00p,Minnesota Timberwolves,118,Oklahoma City Thunder,120,,0,
Sat. Feb 6. 2021,8:00p,Brooklyn Nets,108,Philadelphia 76ers,124,,0,
Sat. Feb 6. 2021,8:30p,Golden State Warriors,132,Dallas Mavericks,134,,0,
Sat. Feb 6. 2021,9:00p,Memphis Grizzlies,109,New Orleans Pelicans,118,,"1,440",
Sat. Feb 6. 2021,10:00p,Detroit Pistons,129,Los Angeles Lakers,135,2OT,0,
Sun. Feb 7. 2021,1:00p,Washington Wizards,97,Charlotte Hornets,119,,0,
Sun. Feb 7. 2021,1:00p,Utah Jazz,103,Indiana Pacers,95,,0,
Sun. Feb 7. 2021,1:00p,Miami Heat,109,New York Knicks,103,,0,
Sun. Feb 7. 2021,2:00p,Boston Celtics,91,Phoenix Suns,100,,"1,493",
Sun. Feb 7. 2021,3:00p,Sacramento Kings,113,Los Angeles Clippers,110,,0,
Mon. Feb 8. 2021,7:00p,Houston Rockets,94,Charlotte Hornets,119,,0,
Mon. Feb 8. 2021,8:00p,Washington Wizards,105,Chicago Bulls,101,,0,
Mon. Feb 8. 2021,8:00p,Toronto Raptors,128,Memphis Grizzlies,113,,"1,844",
Mon. Feb 8. 2021,8:30p,Minnesota Timberwolves,122,Dallas Mavericks,127,,"1,000",
Mon. Feb 8. 2021,8:30p,Golden State Warriors,100,San Antonio Spurs,105,,0,
Mon. Feb 8. 2021,9:00p,Cleveland Cavaliers,113,Phoenix Suns,119,,"1,485",
Mon. Feb 8. 2021,9:30p,Milwaukee Bucks,125,Denver Nuggets,112,,0,
Mon. Feb 8. 2021,10:00p,Oklahoma City Thunder,112,Los Angeles Lakers,119,OT,0,
Tue. Feb 9. 2021,7:00p,Brooklyn Nets,111,Detroit Pistons,122,,0,
Tue. Feb 9. 2021,7:30p,New York Knicks,96,Miami Heat,98,,0,
Tue. Feb 9. 2021,7:30p,Houston Rockets,101,New Orleans Pelicans,130,,"1,900",
Tue. Feb 9. 2021,8:30p,Golden State Warriors,114,San Antonio Spurs,91,,0,
Tue. Feb 9. 2021,10:00p,Orlando Magic,97,Portland Trail Blazers,106,,0,
Tue. Feb 9. 2021,10:00p,Philadelphia 76ers,119,Sacramento Kings,111,,0,
Tue. Feb 9. 2021,10:00p,Boston Celtics,108,Utah Jazz,122,,"3,902",
Wed. Feb 10. 2021,7:00p,Toronto Raptors,137,Washington Wizards,115,,0,
Wed. Feb 10. 2021,7:30p,Atlanta Hawks,117,Dallas Mavericks,118,,"1,000",
Wed. Feb 10. 2021,8:00p,Indiana Pacers,94,Brooklyn Nets,104,,0,
Wed. Feb 10. 2021,8:00p,Charlotte Hornets,114,Memphis Grizzlies,130,,"1,830",
Wed. Feb 10. 2021,8:00p,Los Angeles Clippers,119,Minnesota Timberwolves,112,,0,
Wed. Feb 10. 2021,9:00p,New Orleans Pelicans,116,Chicago Bulls,129,,0,
Wed. Feb 10. 2021,9:00p,Cleveland Cavaliers,95,Denver Nuggets,133,,0,
Wed. Feb 10. 2021,10:00p,Oklahoma City Thunder,113,Los Angeles Lakers,114,OT,0,
Wed. Feb 10. 2021,10:00p,Milwaukee Bucks,124,Phoenix Suns,125,,"1,491",
Thu. Feb 11. 2021,7:30p,Toronto Raptors,106,Boston Celtics,120,,0,
Thu. Feb 11. 2021,7:30p,Miami Heat,101,Houston Rockets,94,,"3,251",
Thu. Feb 11. 2021,8:00p,Indiana Pacers,111,Detroit Pistons,95,,0,
Thu. Feb 11. 2021,10:00p,Orlando Magic,105,Golden State Warriors,111,,0,
Thu. Feb 11. 2021,10:00p,Philadelphia 76ers,114,Portland Trail Blazers,118,,0,
Fri. Feb 12. 2021,7:00p,Minnesota Timberwolves,114,Charlotte Hornets,120,,0,
Fri. Feb 12. 2021,7:00p,New York Knicks,109,Washington Wizards,91,,0,
Fri. Feb 12. 2021,7:30p,San Antonio Spurs,125,Atlanta Hawks,114,,"1,451",
Fri. Feb 12. 2021,7:30p,New Orleans Pelicans,130,Dallas Mavericks,143,,"1,514",
Fri. Feb 12. 2021,8:00p,Detroit Pistons,108,Boston Celtics,102,,0,
Fri. Feb 12. 2021,8:00p,Los Angeles Clippers,125,Chicago Bulls,106,,0,
Fri. Feb 12. 2021,9:00p,Oklahoma City Thunder,95,Denver Nuggets,97,,0,
Fri. Feb 12. 2021,9:00p,Milwaukee Bucks,115,Utah Jazz,129,,"3,902",
Fri. Feb 12. 2021,10:00p,Memphis Grizzlies,105,Los Angeles Lakers,115,,0,
Fri. Feb 12. 2021,10:00p,Cleveland Cavaliers,110,Portland Trail Blazers,129,,0,
Fri. Feb 12. 2021,10:00p,Orlando Magic,123,Sacramento Kings,112,,0,
Sat. Feb 13. 2021,3:00p,Philadelphia 76ers,111,Phoenix Suns,120,,"1,652",
Sat. Feb 13. 2021,7:30p,Indiana Pacers,125,Atlanta Hawks,113,,"1,393",
Sat. Feb 13. 2021,8:00p,Houston Rockets,99,New York Knicks,121,,0,
Sat. Feb 13. 2021,8:30p,Brooklyn Nets,134,Golden State Warriors,117,,0,
Sat. Feb 13. 2021,9:00p,Miami Heat,94,Utah Jazz,112,,"3,902",
Sun. Feb 14. 2021,1:00p,Boston Celtics,91,Washington Wizards,104,,0,
Sun. Feb 14. 2021,7:00p,San Antonio Spurs,122,Charlotte Hornets,110,,0,
Sun. Feb 14. 2021,7:00p,New Orleans Pelicans,112,Detroit Pistons,123,,0,
Sun. Feb 14. 2021,7:00p,Minnesota Timberwolves,116,Toronto Raptors,112,,0,
Sun. Feb 14. 2021,7:30p,Portland Trail Blazers,121,Dallas Mavericks,118,,"2,211",
Sun. Feb 14. 2021,8:00p,Milwaukee Bucks,109,Oklahoma City Thunder,114,,0,
Sun. Feb 14. 2021,9:00p,Orlando Magic,90,Phoenix Suns,109,,"1,732",
Sun. Feb 14. 2021,10:00p,Los Angeles Lakers,105,Denver Nuggets,122,,0,
Sun. Feb 14. 2021,10:00p,Cleveland Cavaliers,111,Los Angeles Clippers,128,,0,
Sun. Feb 14. 2021,10:00p,Memphis Grizzlies,124,Sacramento Kings,110,,0,
Mon. Feb 15. 2021,7:00p,Chicago Bulls,120,Indiana Pacers,112,OT,0,
Mon. Feb 15. 2021,7:00p,Houston Rockets,119,Washington Wizards,131,,0,
Mon. Feb 15. 2021,7:30p,Atlanta Hawks,112,New York Knicks,123,,0,
Mon. Feb 15. 2021,9:00p,Philadelphia 76ers,123,Utah Jazz,134,,"3,902",
Mon. Feb 15. 2021,10:00p,Cleveland Cavaliers,98,Golden State Warriors,129,,,
Mon. Feb 15. 2021,10:00p,Miami Heat,118,Los Angeles Clippers,125,,0,
Mon. Feb 15. 2021,10:00p,Brooklyn Nets,136,Sacramento Kings,125,,0,
Tue. Feb 16. 2021,7:00p,Denver Nuggets,99,Boston Celtics,112,,0,
Tue. Feb 16. 2021,8:00p,New Orleans Pelicans,144,Memphis Grizzlies,113,,"1,982",
Tue. Feb 16. 2021,8:00p,Toronto Raptors,124,Milwaukee Bucks,113,,250,
Tue. Feb 16. 2021,8:00p,Los Angeles Lakers,112,Minnesota Timberwolves,104,,0,
Tue. Feb 16. 2021,8:00p,Portland Trail Blazers,115,Oklahoma City Thunder,104,,0,
Tue. Feb 16. 2021,10:30p,Brooklyn Nets,128,Phoenix Suns,124,,"3,181",
Wed. Feb 17. 2021,7:00p,New York Knicks,89,Orlando Magic,107,,"4,249",
Wed. Feb 17. 2021,7:30p,Atlanta Hawks,122,Boston Celtics,114,,0,
Wed. Feb 17. 2021,7:30p,Houston Rockets,113,Philadelphia 76ers,118,,0,
Wed. Feb 17. 2021,8:00p,Detroit Pistons,102,Chicago Bulls,105,,0,
Wed. Feb 17. 2021,8:00p,Indiana Pacers,134,Minnesota Timberwolves,128,OT,0,
Wed. Feb 17. 2021,8:00p,Denver Nuggets,128,Washington Wizards,130,,0,
Wed. Feb 17. 2021,9:00p,Oklahoma City Thunder,113,Memphis Grizzlies,122,,0,
Wed. Feb 17. 2021,9:00p,Portland Trail Blazers,126,New Orleans Pelicans,124,,"1,940",
Wed. Feb 17. 2021,10:00p,Miami Heat,112,Golden State Warriors,120,OT,,
Wed. Feb 17. 2021,10:00p,Utah Jazz,114,Los Angeles Clippers,96,,,
Thu. Feb 18. 2021,7:30p,Toronto Raptors,110,Milwaukee Bucks,96,,500,
Thu. Feb 18. 2021,10:00p,Brooklyn Nets,109,Los Angeles Lakers,98,,0,
Thu. Feb 18. 2021,10:00p,Miami Heat,118,Sacramento Kings,110,,0,
Fri. Feb 19. 2021,7:00p,Denver Nuggets,120,Cleveland Cavaliers,103,,"2,720",
Fri. Feb 19. 2021,7:00p,Golden State Warriors,120,Orlando Magic,124,,"4,287",
Fri. Feb 19. 2021,7:30p,Atlanta Hawks,109,Boston Celtics,121,,0,
Fri. Feb 19. 2021,7:30p,Chicago Bulls,105,Philadelphia 76ers,112,,0,
Fri. Feb 19. 2021,8:00p,Detroit Pistons,95,Memphis Grizzlies,109,,"1,795",
Fri. Feb 19. 2021,8:00p,Oklahoma City Thunder,85,Milwaukee Bucks,98,,750,
Fri. Feb 19. 2021,8:00p,Phoenix Suns,132,New Orleans Pelicans,114,,"1,940",
Fri. Feb 19. 2021,9:00p,Toronto Raptors,86,Minnesota Timberwolves,81,,0,
Fri. Feb 19. 2021,10:00p,Utah Jazz,112,Los Angeles Clippers,116,,0,
Sat. Feb 20. 2021,8:00p,Golden State Warriors,100,Charlotte Hornets,102,,0,
Sat. Feb 20. 2021,8:30p,Miami Heat,96,Los Angeles Lakers,94,,0,
Sat. Feb 20. 2021,9:00p,Sacramento Kings,114,Chicago Bulls,122,,0,
Sat. Feb 20. 2021,9:00p,Phoenix Suns,128,Memphis Grizzlies,97,,"1,994",
Sat. Feb 20. 2021,10:00p,Washington Wizards,118,Portland Trail Blazers,111,,0,
Sun. Feb 21. 2021,3:30p,Boston Celtics,115,New Orleans Pelicans,120,OT,"1,940",
Sun. Feb 21. 2021,7:00p,Oklahoma City Thunder,117,Cleveland Cavaliers,101,,"2,720",
Sun. Feb 21. 2021,7:00p,Minnesota Timberwolves,99,New York Knicks,103,,0,
Sun. Feb 21. 2021,7:00p,Detroit Pistons,96,Orlando Magic,105,,"4,002",
Sun. Feb 21. 2021,7:00p,Philadelphia 76ers,103,Toronto Raptors,110,,0,
Sun. Feb 21. 2021,7:30p,Denver Nuggets,115,Atlanta Hawks,123,,"1,362",
Sun. Feb 21. 2021,8:00p,Brooklyn Nets,112,Los Angeles Clippers,108,,,
Sun. Feb 21. 2021,9:00p,Sacramento Kings,115,Milwaukee Bucks,128,,"1,800",
Mon. Feb 22. 2021,8:00p,Chicago Bulls,120,Houston Rockets,100,,"3,025",
Mon. Feb 22. 2021,8:30p,Memphis Grizzlies,92,Dallas Mavericks,102,,"2,099",
Mon. Feb 22. 2021,9:00p,Miami Heat,108,Oklahoma City Thunder,94,,0,
Mon. Feb 22. 2021,9:00p,Portland Trail Blazers,100,Phoenix Suns,132,,"3,213",
Mon. Feb 22. 2021,9:00p,Charlotte Hornets,110,Utah Jazz,132,,"3,902",
Mon. Feb 22. 2021,10:00p,Washington Wizards,127,Los Angeles Lakers,124,OT,0,
Tue. Feb 23. 2021,7:00p,Atlanta Hawks,111,Cleveland Cavaliers,112,,"2,720",
Tue. Feb 23. 2021,7:00p,Detroit Pistons,105,Orlando Magic,93,,"3,631",
Tue. Feb 23. 2021,7:30p,Sacramento Kings,118,Brooklyn Nets,127,,324,
Tue. Feb 23. 2021,7:30p,Boston Celtics,107,Dallas Mavericks,110,,"3,338",
Tue. Feb 23. 2021,7:30p,Golden State Warriors,114,New York Knicks,106,,"1,981",
Tue. Feb 23. 2021,7:30p,Philadelphia 76ers,109,Toronto Raptors,102,,0,
Tue. Feb 23. 2021,8:00p,Minnesota Timberwolves,112,Milwaukee Bucks,139,,"1,800",
Tue. Feb 23. 2021,10:00p,Portland Trail Blazers,106,Denver Nuggets,111,,0,
Tue. Feb 23. 2021,10:00p,Washington Wizards,116,Los Angeles Clippers,135,,0,
Wed. Feb 24. 2021,7:30p,Boston Celtics,112,Atlanta Hawks,127,,"1,537",
Wed. Feb 24. 2021,7:30p,Houston Rockets,96,Cleveland Cavaliers,112,,"2,720",
Wed. Feb 24. 2021,7:30p,Golden State Warriors,111,Indiana Pacers,107,,0,
Wed. Feb 24. 2021,8:00p,Minnesota Timberwolves,126,Chicago Bulls,133,OT,0,
Wed. Feb 24. 2021,8:00p,Toronto Raptors,108,Miami Heat,116,,0,
Wed. Feb 24. 2021,8:00p,Detroit Pistons,118,New Orleans Pelicans,128,,"2,700",
Wed. Feb 24. 2021,8:00p,San Antonio Spurs,99,Oklahoma City Thunder,102,,0,
Wed. Feb 24. 2021,9:00p,Charlotte Hornets,124,Phoenix Suns,121,,"3,296",
Wed. Feb 24. 2021,10:00p,Los Angeles Lakers,89,Utah Jazz,114,,"4,912",
Thu. Feb 25. 2021,7:00p,Dallas Mavericks,97,Philadelphia 76ers,111,,0,
Thu. Feb 25. 2021,7:30p,Orlando Magic,92,Brooklyn Nets,129,,327,
Thu. Feb 25. 2021,7:30p,Sacramento Kings,121,New York Knicks,140,,"1,981",
Thu. Feb 25. 2021,8:00p,Los Angeles Clippers,94,Memphis Grizzlies,122,,"1,896",
Thu. Feb 25. 2021,9:00p,Washington Wizards,112,Denver Nuggets,110,,0,
Thu. Feb 25. 2021,9:30p,New Orleans Pelicans,125,Milwaukee Bucks,129,,"1,800",
Fri. Feb 26. 2021,7:30p,Indiana Pacers,112,Boston Celtics,118,,0,
Fri. Feb 26. 2021,7:30p,Houston Rockets,111,Toronto Raptors,122,,0,
Fri. Feb 26. 2021,8:00p,Phoenix Suns,106,Chicago Bulls,97,,0,
Fri. Feb 26. 2021,8:00p,Sacramento Kings,110,Detroit Pistons,107,,0,
Fri. Feb 26. 2021,8:00p,Los Angeles Clippers,119,Memphis Grizzlies,99,,"2,039",
Fri. Feb 26. 2021,8:00p,Utah Jazz,116,Miami Heat,124,,0,
Fri. Feb 26. 2021,8:00p,Atlanta Hawks,109,Oklahoma City Thunder,118,,0,
Fri. Feb 26. 2021,10:00p,Charlotte Hornets,121,Golden State Warriors,130,,0,
Fri. Feb 26. 2021,10:00p,Portland Trail Blazers,93,Los Angeles Lakers,102,,0,
Sat. Feb 27. 2021,7:00p,Cleveland Cavaliers,112,Philadelphia 76ers,109,OT,0,
Sat. Feb 27. 2021,7:00p,Minnesota Timberwolves,112,Washington Wizards,128,,0,
Sat. Feb 27. 2021,8:00p,Indiana Pacers,107,New York Knicks,110,,"1,981",
Sat. Feb 27. 2021,8:00p,Denver Nuggets,126,Oklahoma City Thunder,96,,0,
Sat. Feb 27. 2021,8:00p,Utah Jazz,124,Orlando Magic,109,,"4,242",
Sat. Feb 27. 2021,8:00p,New Orleans Pelicans,114,San Antonio Spurs,117,,0,
Sat. Feb 27. 2021,8:30p,Dallas Mavericks,115,Brooklyn Nets,98,,684,
Sun. Feb 28. 2021,3:30p,Los Angeles Clippers,100,Milwaukee Bucks,105,,"1,800",
Sun. Feb 28. 2021,7:00p,Washington Wizards,110,Boston Celtics,111,,0,
Sun. Feb 28. 2021,8:00p,New York Knicks,109,Detroit Pistons,90,,0,
Sun. Feb 28. 2021,8:00p,Memphis Grizzlies,133,Houston Rockets,84,,"3,284",
Sun. Feb 28. 2021,8:00p,Golden State Warriors,91,Los Angeles Lakers,117,,0,
Sun. Feb 28. 2021,8:00p,Atlanta Hawks,99,Miami Heat,109,,0,
Sun. Feb 28. 2021,9:00p,Phoenix Suns,118,Minnesota Timberwolves,99,,0,
Sun. Feb 28. 2021,10:00p,Charlotte Hornets,127,Sacramento Kings,126,,0,
Mon. Mar 1. 2021,7:00p,Dallas Mavericks,130,Orlando Magic,124,,"3,766",
Mon. Mar 1. 2021,7:00p,Indiana Pacers,114,Philadelphia 76ers,130,,0,
Mon. Mar 1. 2021,8:00p,Denver Nuggets,118,Chicago Bulls,112,,0,
Mon. Mar 1. 2021,8:00p,Utah Jazz,124,New Orleans Pelicans,129,,"2,700",
Mon. Mar 1. 2021,8:30p,Brooklyn Nets,124,San Antonio Spurs,113,OT,0,
Mon. Mar 1. 2021,9:00p,Cleveland Cavaliers,101,Houston Rockets,90,,"3,046",
Mon. Mar 1. 2021,10:30p,Charlotte Hornets,111,Portland Trail Blazers,123,,0,
Tue. Mar 2. 2021,7:00p,Memphis Grizzlies,125,Washington Wizards,111,,0,
Tue. Mar 2. 2021,7:30p,Los Angeles Clippers,112,Boston Celtics,117,,0,
Tue. Mar 2. 2021,7:30p,Atlanta Hawks,94,Miami Heat,80,,0,
Tue. Mar 2. 2021,8:30p,New York Knicks,93,San Antonio Spurs,119,,0,
Tue. Mar 2. 2021,9:00p,Denver Nuggets,128,Milwaukee Bucks,97,,"1,800",
Tue. Mar 2. 2021,10:00p,Phoenix Suns,114,Los Angeles Lakers,104,,0,
Wed. Mar 3. 2021,7:00p,Indiana Pacers,114,Cleveland Cavaliers,111,,"2,720",
Wed. Mar 3. 2021,7:00p,Utah Jazz,123,Philadelphia 76ers,131,OT,0,
Wed. Mar 3. 2021,7:00p,Detroit Pistons,129,Toronto Raptors,105,,0,
Wed. Mar 3. 2021,7:30p,Brooklyn Nets,132,Houston Rockets,114,,"3,615",
Wed. Mar 3. 2021,8:00p,Charlotte Hornets,135,Minnesota Timberwolves,102,,0,
Wed. Mar 3. 2021,8:00p,Chicago Bulls,128,New Orleans Pelicans,124,,"2,700",
Wed. Mar 3. 2021,8:00p,Atlanta Hawks,115,Orlando Magic,112,,"3,969",
Wed. Mar 3. 2021,8:30p,Oklahoma City Thunder,78,Dallas Mavericks,87,,"3,508",
Wed. Mar 3. 2021,10:00p,Golden State Warriors,106,Portland Trail Blazers,108,,0,
Wed. Mar 3. 2021,10:00p,Los Angeles Lakers,120,Sacramento Kings,123,,0,
Thu. Mar 4. 2021,7:00p,Toronto Raptors,125,Boston Celtics,132,,0,
Thu. Mar 4. 2021,7:00p,Los Angeles Clippers,117,Washington Wizards,119,,0,
Thu. Mar 4. 2021,7:30p,Detroit Pistons,104,New York Knicks,114,,"1,981",
Thu. Mar 4. 2021,8:00p,Denver Nuggets,113,Indiana Pacers,103,,0,
Thu. Mar 4. 2021,8:00p,Milwaukee Bucks,112,Memphis Grizzlies,111,,"1,961",
Thu. Mar 4. 2021,8:30p,Miami Heat,103,New Orleans Pelicans,93,,"2,700",
Thu. Mar 4. 2021,9:00p,Oklahoma City Thunder,107,San Antonio Spurs,102,,"1,000",
Thu. Mar 4. 2021,10:00p,Golden State Warriors,98,Phoenix Suns,120,,"3,233",
Thu. Mar 4. 2021,10:00p,Sacramento Kings,119,Portland Trail Blazers,123,,0,
Wed. Mar 10. 2021,8:00p,Washington Wizards,112,Memphis Grizzlies,127,,"1,912",
Wed. Mar 10. 2021,8:30p,San Antonio Spurs,104,Dallas Mavericks,115,,"3,813",
Thu. Mar 11. 2021,7:00p,Detroit Pistons,102,Charlotte Hornets,105,,0,
Thu. Mar 11. 2021,7:30p,Boston Celtics,109,Brooklyn Nets,121,,"1,374",
Thu. Mar 11. 2021,7:30p,Atlanta Hawks,121,Toronto Raptors,120,,0,
Thu. Mar 11. 2021,8:00p,Philadelphia 76ers,127,Chicago Bulls,105,,0,
Thu. Mar 11. 2021,8:00p,Orlando Magic,103,Miami Heat,111,,0,
Thu. Mar 11. 2021,8:00p,New York Knicks,101,Milwaukee Bucks,134,,"1,800",
Thu. Mar 11. 2021,8:00p,Minnesota Timberwolves,135,New Orleans Pelicans,105,,"3,700",
Thu. Mar 11. 2021,9:00p,Dallas Mavericks,108,Oklahoma City Thunder,116,,0,
Thu. Mar 11. 2021,10:00p,Golden State Warriors,104,Los Angeles Clippers,130,,0,
Thu. Mar 11. 2021,10:00p,Phoenix Suns,127,Portland Trail Blazers,121,,0,
Thu. Mar 11. 2021,10:00p,Houston Rockets,105,Sacramento Kings,125,,0,
Fri. Mar 12. 2021,8:00p,Denver Nuggets,103,Memphis Grizzlies,102,,"2,160",
Fri. Mar 12. 2021,8:00p,Cleveland Cavaliers,82,New Orleans Pelicans,116,,"3,700",
Fri. Mar 12. 2021,8:00p,Philadelphia 76ers,127,Washington Wizards,101,,0,
Fri. Mar 12. 2021,9:00p,Miami Heat,101,Chicago Bulls,90,,0,
Fri. Mar 12. 2021,9:00p,Orlando Magic,77,San Antonio Spurs,104,,"3,241",
Fri. Mar 12. 2021,10:00p,Houston Rockets,99,Utah Jazz,114,,"5,546",
Fri. Mar 12. 2021,10:30p,Indiana Pacers,100,Los Angeles Lakers,105,,0,
Sat. Mar 13. 2021,2:00p,New York Knicks,119,Oklahoma City Thunder,97,,0,
Sat. Mar 13. 2021,7:00p,Detroit Pistons,95,Brooklyn Nets,100,,"1,364",
Sat. Mar 13. 2021,7:00p,Toronto Raptors,104,Charlotte Hornets,114,,"2,861",
Sat. Mar 13. 2021,7:00p,Milwaukee Bucks,125,Washington Wizards,119,,0,
Sat. Mar 13. 2021,7:30p,Sacramento Kings,106,Atlanta Hawks,121,,"2,347",
Sat. Mar 13. 2021,8:00p,Portland Trail Blazers,125,Minnesota Timberwolves,121,,0,
Sat. Mar 13. 2021,10:00p,Dallas Mavericks,116,Denver Nuggets,103,,0,
Sat. Mar 13. 2021,10:00p,Indiana Pacers,122,Phoenix Suns,111,,"3,166",
Sun. Mar 14. 2021,2:00p,Memphis Grizzlies,122,Oklahoma City Thunder,128,,0,
Sun. Mar 14. 2021,4:00p,Utah Jazz,119,Golden State Warriors,131,,0,
Sun. Mar 14. 2021,6:30p,San Antonio Spurs,99,Philadelphia 76ers,134,,"3,071",
Sun. Mar 14. 2021,7:00p,Miami Heat,102,Orlando Magic,97,,"3,264",
Sun. Mar 14. 2021,7:30p,Cleveland Cavaliers,82,Atlanta Hawks,100,,"2,322",
Sun. Mar 14. 2021,8:00p,Boston Celtics,134,Houston Rockets,107,,"3,264",
Sun. Mar 14. 2021,8:00p,Portland Trail Blazers,112,Minnesota Timberwolves,114,,0,
Sun. Mar 14. 2021,9:00p,Toronto Raptors,95,Chicago Bulls,118,,0,
Sun. Mar 14. 2021,9:00p,Los Angeles Clippers,115,New Orleans Pelicans,135,,"3,700",
Mon. Mar 15. 2021,7:00p,Sacramento Kings,116,Charlotte Hornets,122,,"2,861",
Mon. Mar 15. 2021,7:00p,Milwaukee Bucks,133,Washington Wizards,122,,0,
Mon. Mar 15. 2021,8:00p,New York Knicks,112,Brooklyn Nets,117,,"1,637",
Mon. Mar 15. 2021,8:00p,San Antonio Spurs,109,Detroit Pistons,99,,0,
Mon. Mar 15. 2021,9:00p,Los Angeles Clippers,109,Dallas Mavericks,99,,"3,945",
Mon. Mar 15. 2021,10:00p,Indiana Pacers,106,Denver Nuggets,121,,0,
Mon. Mar 15. 2021,10:00p,Memphis Grizzlies,99,Phoenix Suns,122,,"3,188",
Mon. Mar 15. 2021,10:30p,Los Angeles Lakers,128,Golden State Warriors,97,,0,
Tue. Mar 16. 2021,7:30p,Utah Jazz,117,Boston Celtics,109,,0,
Tue. Mar 16. 2021,8:00p,Oklahoma City Thunder,102,Chicago Bulls,123,,0,
Tue. Mar 16. 2021,8:00p,Atlanta Hawks,119,Houston Rockets,107,,"3,069",
Tue. Mar 16. 2021,8:00p,Cleveland Cavaliers,98,Miami Heat,113,,0,
Tue. Mar 16. 2021,8:00p,New York Knicks,96,Philadelphia 76ers,99,,"3,071",
Tue. Mar 16. 2021,10:00p,New Orleans Pelicans,124,Portland Trail Blazers,125,,0,
Tue. Mar 16. 2021,10:30p,Minnesota Timberwolves,121,Los Angeles Lakers,137,,0,
Wed. Mar 17. 2021,7:00p,Toronto Raptors,112,Detroit Pistons,116,,750,
Wed. Mar 17. 2021,7:00p,Brooklyn Nets,124,Indiana Pacers,115,,0,
Wed. Mar 17. 2021,7:00p,Milwaukee Bucks,109,Philadelphia 76ers,105,OT,"3,071",
Wed. Mar 17. 2021,7:00p,Sacramento Kings,121,Washington Wizards,119,,0,
Wed. Mar 17. 2021,8:00p,San Antonio Spurs,106,Chicago Bulls,99,,0,
Wed. Mar 17. 2021,8:00p,Boston Celtics,110,Cleveland Cavaliers,117,,"4,100",
Wed. Mar 17. 2021,8:00p,Golden State Warriors,108,Houston Rockets,94,,"3,259",
Wed. Mar 17. 2021,9:00p,Charlotte Hornets,104,Denver Nuggets,129,,0,
Wed. Mar 17. 2021,9:00p,Miami Heat,85,Memphis Grizzlies,89,,"2,217",
Wed. Mar 17. 2021,9:30p,Los Angeles Clippers,89,Dallas Mavericks,105,,"3,975",
Thu. Mar 18. 2021,7:00p,Utah Jazz,122,Washington Wizards,131,,0,
Thu. Mar 18. 2021,7:30p,Oklahoma City Thunder,93,Atlanta Hawks,116,,"2,621",
Thu. Mar 18. 2021,7:30p,Orlando Magic,93,New York Knicks,94,,"1,531",
Thu. Mar 18. 2021,10:00p,Minnesota Timberwolves,123,Phoenix Suns,119,,"3,172",
Thu. Mar 18. 2021,10:00p,New Orleans Pelicans,93,Portland Trail Blazers,101,,0,
Thu. Mar 18. 2021,10:30p,Charlotte Hornets,105,Los Angeles Lakers,116,,0,
Fri. Mar 19. 2021,7:30p,Sacramento Kings,107,Boston Celtics,96,,0,
Fri. Mar 19. 2021,7:30p,San Antonio Spurs,116,Cleveland Cavaliers,110,,0,
Fri. Mar 19. 2021,8:00p,Detroit Pistons,113,Houston Rockets,100,,"3,061",
Fri. Mar 19. 2021,8:00p,Golden State Warriors,116,Memphis Grizzlies,103,,"2,716",
Fri. Mar 19. 2021,8:00p,Indiana Pacers,137,Miami Heat,110,,0,
Fri. Mar 19. 2021,8:00p,Brooklyn Nets,113,Orlando Magic,121,,"3,665",
Fri. Mar 19. 2021,8:00p,Utah Jazz,115,Toronto Raptors,112,,0,
Fri. Mar 19. 2021,9:00p,Chicago Bulls,127,Denver Nuggets,131,OT,0,
Fri. Mar 19. 2021,10:00p,Minnesota Timberwolves,101,Phoenix Suns,113,,"3,124",
Fri. Mar 19. 2021,10:00p,Dallas Mavericks,119,Portland Trail Blazers,125,,0,
Sat. Mar 20. 2021,3:30p,Atlanta Hawks,99,Los Angeles Lakers,94,,0,
Sat. Mar 20. 2021,8:00p,Golden State Warriors,103,Memphis Grizzlies,111,,0,
Sat. Mar 20. 2021,8:00p,Sacramento Kings,105,Philadelphia 76ers,129,,"3,071",
Sat. Mar 20. 2021,9:00p,San Antonio Spurs,113,Milwaukee Bucks,120,,"3,280",
Sat. Mar 20. 2021,10:00p,Charlotte Hornets,98,Los Angeles Clippers,125,,0,
Sun. Mar 21. 2021,1:00p,Indiana Pacers,109,Miami Heat,106,OT,0,
Sun. Mar 21. 2021,2:00p,Oklahoma City Thunder,114,Houston Rockets,112,,"3,297",
Sun. Mar 21. 2021,3:00p,New Orleans Pelicans,113,Denver Nuggets,108,,0,
Sun. Mar 21. 2021,3:30p,Orlando Magic,96,Boston Celtics,112,,0,
Sun. Mar 21. 2021,7:00p,Washington Wizards,106,Brooklyn Nets,113,,"1,773",
Sun. Mar 21. 2021,7:00p,Toronto Raptors,105,Cleveland Cavaliers,116,,0,
Sun. Mar 21. 2021,7:00p,Chicago Bulls,100,Detroit Pistons,86,,750,
Sun. Mar 21. 2021,8:00p,Philadelphia 76ers,101,New York Knicks,100,OT,"1,981",
Sun. Mar 21. 2021,10:00p,Los Angeles Lakers,94,Phoenix Suns,111,,"3,190",
Sun. Mar 21. 2021,10:00p,Dallas Mavericks,132,Portland Trail Blazers,92,,0,
Mon. Mar 22. 2021,7:30p,Sacramento Kings,119,Cleveland Cavaliers,105,,"4,100",
Mon. Mar 22. 2021,8:00p,Oklahoma City Thunder,112,Minnesota Timberwolves,103,,0,
Mon. Mar 22. 2021,8:30p,Charlotte Hornets,100,San Antonio Spurs,97,,"3,222",
Mon. Mar 22. 2021,9:00p,Utah Jazz,120,Chicago Bulls,95,,0,
Mon. Mar 22. 2021,9:00p,Toronto Raptors,99,Houston Rockets,117,,"2,965",
Mon. Mar 22. 2021,9:00p,Boston Celtics,126,Memphis Grizzlies,132,OT,"2,319",
Mon. Mar 22. 2021,9:00p,Indiana Pacers,113,Milwaukee Bucks,140,,"3,280",
Mon. Mar 22. 2021,10:00p,Atlanta Hawks,110,Los Angeles Clippers,119,,0,
Tue. Mar 23. 2021,7:00p,Denver Nuggets,110,Orlando Magic,99,,"3,485",
Tue. Mar 23. 2021,7:30p,Los Angeles Lakers,111,New Orleans Pelicans,128,,"3,700",
Tue. Mar 23. 2021,7:30p,Washington Wizards,113,New York Knicks,131,,"1,589",
Tue. Mar 23. 2021,8:00p,Phoenix Suns,110,Miami Heat,100,,0,
Tue. Mar 23. 2021,10:00p,Philadelphia 76ers,108,Golden State Warriors,98,,0,
Tue. Mar 23. 2021,10:00p,Brooklyn Nets,116,Portland Trail Blazers,112,,,
Wed. Mar 24. 2021,7:00p,Detroit Pistons,111,Indiana Pacers,116,,0,
Wed. Mar 24. 2021,7:30p,Boston Celtics,119,Milwaukee Bucks,121,,"3,280",
Wed. Mar 24. 2021,7:30p,Denver Nuggets,111,Toronto Raptors,135,,"1,578",
Wed. Mar 24. 2021,8:00p,Cleveland Cavaliers,103,Chicago Bulls,94,,0,
Wed. Mar 24. 2021,8:00p,Charlotte Hornets,122,Houston Rockets,97,,"3,163",
Wed. Mar 24. 2021,8:00p,Dallas Mavericks,128,Minnesota Timberwolves,108,,0,
Wed. Mar 24. 2021,8:00p,Memphis Grizzlies,116,Oklahoma City Thunder,107,,0,
Wed. Mar 24. 2021,8:00p,Phoenix Suns,111,Orlando Magic,112,,"3,891",
Wed. Mar 24. 2021,8:30p,Los Angeles Clippers,134,San Antonio Spurs,101,,"3,224",
Wed. Mar 24. 2021,10:00p,Atlanta Hawks,108,Sacramento Kings,110,,0,
Wed. Mar 24. 2021,10:00p,Brooklyn Nets,88,Utah Jazz,118,,"5,546",
Thu. Mar 25. 2021,7:30p,Portland Trail Blazers,125,Miami Heat,122,,0,
Thu. Mar 25. 2021,7:30p,Washington Wizards,102,New York Knicks,106,,"1,817",
Thu. Mar 25. 2021,8:30p,Los Angeles Clippers,98,San Antonio Spurs,85,,"3,225",
Thu. Mar 25. 2021,10:00p,Philadelphia 76ers,109,Los Angeles Lakers,101,,0,
Thu. Mar 25. 2021,10:00p,Golden State Warriors,119,Sacramento Kings,141,,0,
Fri. Mar 26. 2021,7:00p,Brooklyn Nets,113,Detroit Pistons,111,,750,
Fri. Mar 26. 2021,7:30p,Boston Celtics,122,Milwaukee Bucks,114,,"3,280",
Fri. Mar 26. 2021,7:30p,Phoenix Suns,104,Toronto Raptors,100,,0,
Fri. Mar 26. 2021,8:00p,Miami Heat,105,Charlotte Hornets,110,,"4,215",
Fri. Mar 26. 2021,8:00p,Houston Rockets,101,Minnesota Timberwolves,107,,0,
Fri. Mar 26. 2021,8:00p,Denver Nuggets,113,New Orleans Pelicans,108,,"3,700",
Fri. Mar 26. 2021,8:00p,Portland Trail Blazers,112,Orlando Magic,105,,"3,827",
Fri. Mar 26. 2021,8:30p,Indiana Pacers,109,Dallas Mavericks,94,,"4,132",
Fri. Mar 26. 2021,9:00p,Memphis Grizzlies,114,Utah Jazz,117,,"5,546",
Fri. Mar 26. 2021,10:00p,Atlanta Hawks,124,Golden State Warriors,108,,0,
Fri. Mar 26. 2021,10:30p,Cleveland Cavaliers,86,Los Angeles Lakers,100,,0,
Sat. Mar 27. 2021,8:00p,New York Knicks,102,Milwaukee Bucks,96,,"3,280",
Sat. Mar 27. 2021,8:00p,Houston Rockets,129,Minnesota Timberwolves,107,,0,
Sat. Mar 27. 2021,8:00p,Detroit Pistons,92,Washington Wizards,106,,0,
Sat. Mar 27. 2021,8:30p,Chicago Bulls,104,San Antonio Spurs,120,,"3,334",
Sat. Mar 27. 2021,9:00p,Dallas Mavericks,103,New Orleans Pelicans,112,,"3,700",
Sat. Mar 27. 2021,9:00p,Boston Celtics,111,Oklahoma City Thunder,94,,0,
Sat. Mar 27. 2021,9:00p,Memphis Grizzlies,110,Utah Jazz,126,,"5,546",
Sat. Mar 27. 2021,10:00p,Philadelphia 76ers,112,Los Angeles Clippers,122,,0,
Sat. Mar 27. 2021,10:00p,Cleveland Cavaliers,98,Sacramento Kings,100,,0,
Sun. Mar 28. 2021,1:00p,Phoenix Suns,101,Charlotte Hornets,97,OT,"3,850",
Sun. Mar 28. 2021,7:00p,Portland Trail Blazers,122,Toronto Raptors,117,,"2,021",
Sun. Mar 28. 2021,9:00p,Atlanta Hawks,102,Denver Nuggets,126,,0,
Sun. Mar 28. 2021,10:00p,Orlando Magic,93,Los Angeles Lakers,96,,0,
Mon. Mar 29. 2021,7:00p,Indiana Pacers,124,Washington Wizards,132,,0,
Mon. Mar 29. 2021,7:30p,New Orleans Pelicans,115,Boston Celtics,109,,"2,298",
Mon. Mar 29. 2021,7:30p,Minnesota Timberwolves,107,Brooklyn Nets,112,,"1,732",
Mon. Mar 29. 2021,7:30p,Miami Heat,98,New York Knicks,88,,"1,981",
Mon. Mar 29. 2021,8:00p,Toronto Raptors,104,Detroit Pistons,118,,750,
Mon. Mar 29. 2021,8:00p,Memphis Grizzlies,120,Houston Rockets,110,,"3,319",
Mon. Mar 29. 2021,8:00p,Dallas Mavericks,127,Oklahoma City Thunder,106,,0,
Mon. Mar 29. 2021,8:30p,Sacramento Kings,132,San Antonio Spurs,115,,"2,876",
Mon. Mar 29. 2021,9:00p,Cleveland Cavaliers,75,Utah Jazz,114,,"5,546",
Mon. Mar 29. 2021,10:00p,Chicago Bulls,102,Golden State Warriors,116,,0,
Mon. Mar 29. 2021,10:00p,Milwaukee Bucks,105,Los Angeles Clippers,129,,0,
Tue. Mar 30. 2021,7:00p,Charlotte Hornets,114,Washington Wizards,104,,0,
Tue. Mar 30. 2021,9:00p,Philadelphia 76ers,95,Denver Nuggets,104,,"3,574",
Tue. Mar 30. 2021,10:00p,Orlando Magic,103,Los Angeles Clippers,96,,0,
Tue. Mar 30. 2021,10:00p,Atlanta Hawks,110,Phoenix Suns,117,,"3,173",
Wed. Mar 31. 2021,7:00p,Portland Trail Blazers,124,Detroit Pistons,101,,750,
Wed. Mar 31. 2021,7:00p,Miami Heat,92,Indiana Pacers,87,,0,
Wed. Mar 31. 2021,7:30p,Dallas Mavericks,113,Boston Celtics,108,,"2,298",
Wed. Mar 31. 2021,7:30p,Houston Rockets,108,Brooklyn Nets,120,,"1,773",
Wed. Mar 31. 2021,8:00p,Utah Jazz,111,Memphis Grizzlies,107,,"2,314",
Wed. Mar 31. 2021,8:00p,New York Knicks,101,Minnesota Timberwolves,102,,0,
Wed. Mar 31. 2021,8:00p,Toronto Raptors,103,Oklahoma City Thunder,113,,0,
Wed. Mar 31. 2021,8:30p,Sacramento Kings,106,San Antonio Spurs,120,,"2,802",
Wed. Mar 31. 2021,10:00p,Milwaukee Bucks,112,Los Angeles Lakers,97,,0,
Wed. Mar 31. 2021,10:00p,Chicago Bulls,116,Phoenix Suns,121,,"3,459",
Thu. Apr 1. 2021,7:00p,Philadelphia 76ers,114,Cleveland Cavaliers,94,,"4,100",
Thu. Apr 1. 2021,7:00p,Washington Wizards,91,Detroit Pistons,120,,750,
Thu. Apr 1. 2021,7:30p,Charlotte Hornets,89,Brooklyn Nets,111,,"1,773",
Thu. Apr 1. 2021,8:00p,Golden State Warriors,109,Miami Heat,116,,0,
Thu. Apr 1. 2021,8:00p,Orlando Magic,115,New Orleans Pelicans,110,OT,"3,700",
Thu. Apr 1. 2021,8:30p,Atlanta Hawks,134,San Antonio Spurs,129,2OT,"2,949",
Thu. Apr 1. 2021,10:00p,Denver Nuggets,101,Los Angeles Clippers,94,,0,
Fri. Apr 2. 2021,7:00p,Golden State Warriors,77,Toronto Raptors,130,,"3,085",
Fri. Apr 2. 2021,7:30p,Houston Rockets,102,Boston Celtics,118,,0,
Fri. Apr 2. 2021,7:30p,Dallas Mavericks,99,New York Knicks,86,,"1,981",
Fri. Apr 2. 2021,8:00p,Charlotte Hornets,114,Indiana Pacers,97,,0,
Fri. Apr 2. 2021,8:00p,Minnesota Timberwolves,108,Memphis Grizzlies,120,,"2,987",
Fri. Apr 2. 2021,9:00p,Atlanta Hawks,126,New Orleans Pelicans,103,,"3,700",
Fri. Apr 2. 2021,9:00p,Chicago Bulls,106,Utah Jazz,113,,"5,546",
Fri. Apr 2. 2021,10:00p,Oklahoma City Thunder,103,Phoenix Suns,140,,"3,422",
Fri. Apr 2. 2021,10:00p,Milwaukee Bucks,127,Portland Trail Blazers,109,,0,
Fri. Apr 2. 2021,10:00p,Los Angeles Lakers,115,Sacramento Kings,94,,0,
Sat. Apr 3. 2021,7:00p,Dallas Mavericks,109,Washington Wizards,87,,0,
Sat. Apr 3. 2021,8:00p,New York Knicks,125,Detroit Pistons,81,,750,
Sat. Apr 3. 2021,8:00p,Cleveland Cavaliers,101,Miami Heat,115,,0,
Sat. Apr 3. 2021,8:00p,Minnesota Timberwolves,113,Philadelphia 76ers,122,,"3,071",
Sat. Apr 3. 2021,9:00p,Indiana Pacers,139,San Antonio Spurs,133,OT,"3,276",
Sat. Apr 3. 2021,9:00p,Orlando Magic,91,Utah Jazz,137,,"5,546",
Sat. Apr 3. 2021,10:00p,Oklahoma City Thunder,85,Portland Trail Blazers,133,,0,
Sat. Apr 3. 2021,10:00p,Milwaukee Bucks,129,Sacramento Kings,128,,0,
Sun. Apr 4. 2021,2:00p,Brooklyn Nets,107,Chicago Bulls,115,,0,
Sun. Apr 4. 2021,3:30p,Los Angeles Lakers,86,Los Angeles Clippers,104,,0,
Sun. Apr 4. 2021,6:00p,Charlotte Hornets,86,Boston Celtics,116,,0,
Sun. Apr 4. 2021,7:00p,Memphis Grizzlies,116,Philadelphia 76ers,100,,"4,094",
Sun. Apr 4. 2021,7:30p,Golden State Warriors,111,Atlanta Hawks,117,,"2,937",
Sun. Apr 4. 2021,8:00p,New Orleans Pelicans,122,Houston Rockets,115,,"3,268",
Sun. Apr 4. 2021,10:00p,Orlando Magic,109,Denver Nuggets,119,,"3,927",
Mon. Apr 5. 2021,7:00p,New York Knicks,112,Brooklyn Nets,114,,"1,773",
Mon. Apr 5. 2021,7:00p,Utah Jazz,103,Dallas Mavericks,111,,"4,261",
Mon. Apr 5. 2021,7:00p,Sacramento Kings,106,Minnesota Timberwolves,116,,"1,436",
Mon. Apr 5. 2021,7:00p,Detroit Pistons,132,Oklahoma City Thunder,108,,0,
Mon. Apr 5. 2021,7:00p,Cleveland Cavaliers,125,San Antonio Spurs,101,,"2,482",
Mon. Apr 5. 2021,7:00p,Washington Wizards,101,Toronto Raptors,103,,"1,620",
Mon. Apr 5. 2021,8:00p,Phoenix Suns,133,Houston Rockets,130,,"3,093",
Tue. Apr 6. 2021,7:00p,Chicago Bulls,113,Indiana Pacers,97,,0,
Tue. Apr 6. 2021,7:30p,New Orleans Pelicans,107,Atlanta Hawks,123,,"2,816",
Tue. Apr 6. 2021,7:30p,Philadelphia 76ers,106,Boston Celtics,96,,"2,298",
Tue. Apr 6. 2021,7:30p,Los Angeles Lakers,110,Toronto Raptors,101,,0,
Tue. Apr 6. 2021,8:00p,Memphis Grizzlies,124,Miami Heat,112,,0,
Tue. Apr 6. 2021,9:00p,Detroit Pistons,119,Denver Nuggets,134,,"3,556",
Tue. Apr 6. 2021,10:00p,Milwaukee Bucks,121,Golden State Warriors,122,,0,
Tue. Apr 6. 2021,10:00p,Portland Trail Blazers,116,Los Angeles Clippers,133,,0,
Wed. Apr 7. 2021,7:00p,Minnesota Timberwolves,137,Indiana Pacers,141,,0,
Wed. Apr 7. 2021,7:00p,Washington Wizards,131,Orlando Magic,116,,"3,991",
Wed. Apr 7. 2021,7:30p,New York Knicks,99,Boston Celtics,101,,"2,298",
Wed. Apr 7. 2021,7:30p,New Orleans Pelicans,111,Brooklyn Nets,139,,"1,773",
Wed. Apr 7. 2021,8:00p,Memphis Grizzlies,131,Atlanta Hawks,113,,"2,774",
Wed. Apr 7. 2021,8:00p,Dallas Mavericks,93,Houston Rockets,102,,"3,399",
Wed. Apr 7. 2021,8:00p,Charlotte Hornets,113,Oklahoma City Thunder,102,,0,
Wed. Apr 7. 2021,9:00p,San Antonio Spurs,96,Denver Nuggets,106,,"3,715",
Wed. Apr 7. 2021,10:00p,Utah Jazz,113,Phoenix Suns,117,OT,"5,110",
Thu. Apr 8. 2021,7:30p,Los Angeles Lakers,104,Miami Heat,110,,0,
Thu. Apr 8. 2021,7:30p,Chicago Bulls,122,Toronto Raptors,113,,0,
Thu. Apr 8. 2021,8:00p,Cleveland Cavaliers,129,Oklahoma City Thunder,102,,0,
Thu. Apr 8. 2021,9:00p,Milwaukee Bucks,101,Dallas Mavericks,116,,"4,190",
Thu. Apr 8. 2021,10:00p,Phoenix Suns,103,Los Angeles Clippers,113,,0,
Thu. Apr 8. 2021,10:00p,Detroit Pistons,113,Sacramento Kings,101,,0,
Thu. Apr 8. 2021,10:00p,Portland Trail Blazers,103,Utah Jazz,122,,"5,546",
Fri. Apr 9. 2021,7:00p,Indiana Pacers,111,Orlando Magic,106,,"3,777",
Fri. Apr 9. 2021,7:30p,Minnesota Timberwolves,136,Boston Celtics,145,OT,"2,298",
Fri. Apr 9. 2021,7:30p,Memphis Grizzlies,129,New York Knicks,133,OT,"1,912",
Fri. Apr 9. 2021,8:00p,Chicago Bulls,108,Atlanta Hawks,120,,996,
Fri. Apr 9. 2021,8:00p,Philadelphia 76ers,94,New Orleans Pelicans,101,,"3,700",
Fri. Apr 9. 2021,9:00p,San Antonio Spurs,119,Denver Nuggets,121,,"3,750",
Fri. Apr 9. 2021,9:00p,Charlotte Hornets,127,Milwaukee Bucks,119,,"3,280",
Fri. Apr 9. 2021,10:00p,Washington Wizards,110,Golden State Warriors,107,,0,
Fri. Apr 9. 2021,10:00p,Houston Rockets,109,Los Angeles Clippers,126,,0,
Sat. Apr 10. 2021,7:30p,Toronto Raptors,135,Cleveland Cavaliers,115,,"4,148",
Sat. Apr 10. 2021,8:30p,Los Angeles Lakers,126,Brooklyn Nets,101,,"1,773",
Sat. Apr 10. 2021,9:00p,Philadelphia 76ers,117,Oklahoma City Thunder,93,,0,
Sat. Apr 10. 2021,9:00p,Sacramento Kings,112,Utah Jazz,128,,"5,546",
Sat. Apr 10. 2021,10:00p,Houston Rockets,109,Golden State Warriors,125,,0,
Sat. Apr 10. 2021,10:00p,Washington Wizards,106,Phoenix Suns,134,,"5,028",
Sat. Apr 10. 2021,10:00p,Detroit Pistons,103,Portland Trail Blazers,118,,0,
Sun. Apr 11. 2021,1:00p,Atlanta Hawks,105,Charlotte Hornets,101,,"4,148",
Sun. Apr 11. 2021,3:00p,Boston Celtics,105,Denver Nuggets,87,,"4,032",
Sun. Apr 11. 2021,7:00p,New Orleans Pelicans,116,Cleveland Cavaliers,109,,"4,148",
Sun. Apr 11. 2021,7:00p,Milwaukee Bucks,124,Orlando Magic,87,,"3,316",
Sun. Apr 11. 2021,8:00p,San Antonio Spurs,119,Dallas Mavericks,117,,"4,054",
Sun. Apr 11. 2021,8:00p,Indiana Pacers,132,Memphis Grizzlies,125,,"2,341",
Sun. Apr 11. 2021,8:00p,Chicago Bulls,117,Minnesota Timberwolves,121,,"1,436",
Sun. Apr 11. 2021,8:00p,Toronto Raptors,96,New York Knicks,102,,"1,833",
Sun. Apr 11. 2021,10:00p,Detroit Pistons,124,Los Angeles Clippers,131,,0,
Sun. Apr 11. 2021,10:00p,Miami Heat,107,Portland Trail Blazers,98,,0,
Mon. Apr 12. 2021,7:30p,Philadelphia 76ers,113,Dallas Mavericks,95,,"4,016",
Mon. Apr 12. 2021,7:30p,Los Angeles Lakers,96,New York Knicks,111,,"1,981",
Mon. Apr 12. 2021,8:00p,San Antonio Spurs,120,Orlando Magic,97,,"3,107",
Mon. Apr 12. 2021,9:00p,Chicago Bulls,90,Memphis Grizzlies,101,,"2,194",
Mon. Apr 12. 2021,9:00p,Sacramento Kings,110,New Orleans Pelicans,117,,"3,700",
Mon. Apr 12. 2021,9:00p,Washington Wizards,125,Utah Jazz,121,,"5,546",
Mon. Apr 12. 2021,10:00p,Denver Nuggets,107,Golden State Warriors,116,,0,
Mon. Apr 12. 2021,10:00p,Houston Rockets,120,Phoenix Suns,126,,"4,145",
Tue. Apr 13. 2021,4:00p,Brooklyn Nets,127,Minnesota Timberwolves,97,,0,
Tue. Apr 13. 2021,7:30p,Los Angeles Clippers,126,Indiana Pacers,115,,0,
Tue. Apr 13. 2021,7:30p,Atlanta Hawks,108,Toronto Raptors,103,,"1,427",
Tue. Apr 13. 2021,8:00p,Los Angeles Lakers,101,Charlotte Hornets,93,,"3,676",
Tue. Apr 13. 2021,9:00p,Oklahoma City Thunder,96,Utah Jazz,106,,"5,546",
Tue. Apr 13. 2021,10:00p,Miami Heat,86,Phoenix Suns,106,,"5,024",
Tue. Apr 13. 2021,10:00p,Boston Celtics,116,Portland Trail Blazers,115,,0,
Wed. Apr 14. 2021,4:30p,Milwaukee Bucks,130,Minnesota Timberwolves,105,,0,
Wed. Apr 14. 2021,7:00p,Cleveland Cavaliers,103,Charlotte Hornets,90,,"2,955",
Wed. Apr 14. 2021,7:00p,Brooklyn Nets,117,Philadelphia 76ers,123,,"4,094",
Wed. Apr 14. 2021,7:30p,San Antonio Spurs,112,Toronto Raptors,117,,"1,184",
Wed. Apr 14. 2021,8:00p,Orlando Magic,115,Chicago Bulls,106,,0,
Wed. Apr 14. 2021,8:00p,Los Angeles Clippers,100,Detroit Pistons,98,,750,
Wed. Apr 14. 2021,8:00p,New York Knicks,116,New Orleans Pelicans,106,,"3,700",
Wed. Apr 14. 2021,9:00p,Indiana Pacers,132,Houston Rockets,124,,"3,293",
Wed. Apr 14. 2021,9:00p,Golden State Warriors,147,Oklahoma City Thunder,109,,0,
Wed. Apr 14. 2021,9:30p,Dallas Mavericks,114,Memphis Grizzlies,113,,"2,141",
Wed. Apr 14. 2021,10:00p,Miami Heat,106,Denver Nuggets,123,,"4,017",
Wed. Apr 14. 2021,10:00p,Washington Wizards,123,Sacramento Kings,111,,0,
Thu. Apr 15. 2021,7:30p,Milwaukee Bucks,120,Atlanta Hawks,109,,0,
Thu. Apr 15. 2021,8:00p,Golden State Warriors,119,Cleveland Cavaliers,101,,"4,148",
Thu. Apr 15. 2021,10:00p,Boston Celtics,121,Los Angeles Lakers,113,,"1,915",
Thu. Apr 15. 2021,10:00p,Sacramento Kings,114,Phoenix Suns,122,,"4,568",
Fri. Apr 16. 2021,3:00p,Indiana Pacers,111,Utah Jazz,119,,"5,546",
Fri. Apr 16. 2021,7:00p,Oklahoma City Thunder,104,Detroit Pistons,110,,750,
Fri. Apr 16. 2021,7:00p,Los Angeles Clippers,103,Philadelphia 76ers,106,,"4,094",
Fri. Apr 16. 2021,7:00p,New Orleans Pelicans,115,Washington Wizards,117,OT,0,
Fri. Apr 16. 2021,7:30p,Charlotte Hornets,115,Brooklyn Nets,130,,"1,773",
Fri. Apr 16. 2021,7:30p,Orlando Magic,102,Toronto Raptors,113,,0,
Fri. Apr 16. 2021,8:00p,Memphis Grizzlies,126,Chicago Bulls,115,,0,
Fri. Apr 16. 2021,8:00p,Denver Nuggets,128,Houston Rockets,99,,"3,342",
Fri. Apr 16. 2021,8:00p,Miami Heat,111,Minnesota Timberwolves,119,,"1,638",
Fri. Apr 16. 2021,8:30p,Portland Trail Blazers,107,San Antonio Spurs,106,,"4,303",
Fri. Apr 16. 2021,9:30p,New York Knicks,117,Dallas Mavericks,109,,"4,246",
Sat. Apr 17. 2021,4:30p,Utah Jazz,115,Los Angeles Lakers,127,OT,"1,710",
Sat. Apr 17. 2021,8:00p,Cleveland Cavaliers,96,Chicago Bulls,106,,0,
Sat. Apr 17. 2021,8:00p,Detroit Pistons,100,Washington Wizards,121,,0,
Sat. Apr 17. 2021,8:30p,Golden State Warriors,114,Boston Celtics,119,,"2,298",
Sat. Apr 17. 2021,9:00p,Memphis Grizzlies,128,Milwaukee Bucks,115,,"3,280",
Sat. Apr 17. 2021,10:00p,San Antonio Spurs,111,Phoenix Suns,85,,"5,078",
Sun. Apr 18. 2021,1:00p,Indiana Pacers,117,Atlanta Hawks,129,,0,
Sun. Apr 18. 2021,1:00p,New Orleans Pelicans,112,New York Knicks,122,OT,"1,981",
Sun. Apr 18. 2021,3:30p,Brooklyn Nets,107,Miami Heat,109,,0,
Sun. Apr 18. 2021,7:00p,Portland Trail Blazers,101,Charlotte Hornets,109,,"3,880",
Sun. Apr 18. 2021,7:00p,Houston Rockets,114,Orlando Magic,110,,"3,772",
Sun. Apr 18. 2021,7:00p,Oklahoma City Thunder,106,Toronto Raptors,112,,0,
Sun. Apr 18. 2021,7:30p,Sacramento Kings,121,Dallas Mavericks,107,,"4,193",
Sun. Apr 18. 2021,10:00p,Minnesota Timberwolves,105,Los Angeles Clippers,124,,"1,734",
Mon. Apr 19. 2021,7:00p,Cleveland Cavaliers,105,Detroit Pistons,109,,750,
Mon. Apr 19. 2021,7:30p,Chicago Bulls,102,Boston Celtics,96,,0,
Mon. Apr 19. 2021,7:30p,Golden State Warriors,107,Philadelphia 76ers,96,,"4,094",
Mon. Apr 19. 2021,8:00p,San Antonio Spurs,109,Indiana Pacers,94,,0,
Mon. Apr 19. 2021,8:00p,Houston Rockets,91,Miami Heat,113,,0,
Mon. Apr 19. 2021,8:00p,Phoenix Suns,128,Milwaukee Bucks,127,OT,"3,280",
Mon. Apr 19. 2021,8:00p,Oklahoma City Thunder,107,Washington Wizards,119,,0,
Mon. Apr 19. 2021,9:00p,Memphis Grizzlies,137,Denver Nuggets,139,2OT,"4,005",
Mon. Apr 19. 2021,10:00p,Utah Jazz,111,Los Angeles Lakers,97,,"1,709",
Tue. Apr 20. 2021,7:30p,Orlando Magic,96,Atlanta Hawks,112,,"2,219",
Tue. Apr 20. 2021,7:30p,Brooklyn Nets,134,New Orleans Pelicans,129,,"3,700",
Tue. Apr 20. 2021,7:30p,Charlotte Hornets,97,New York Knicks,109,,"1,753",
Tue. Apr 20. 2021,10:00p,Los Angeles Clippers,113,Portland Trail Blazers,112,,0,
Tue. Apr 20. 2021,10:00p,Minnesota Timberwolves,134,Sacramento Kings,120,,0,
Wed. Apr 21. 2021,7:00p,Chicago Bulls,105,Cleveland Cavaliers,121,,0,
Wed. Apr 21. 2021,7:00p,Oklahoma City Thunder,116,Indiana Pacers,122,,0,
Wed. Apr 21. 2021,7:00p,Phoenix Suns,116,Philadelphia 76ers,113,,"4,094",
Wed. Apr 21. 2021,7:00p,Brooklyn Nets,103,Toronto Raptors,114,,0,
Wed. Apr 21. 2021,7:00p,Golden State Warriors,114,Washington Wizards,118,,"2,133",
Wed. Apr 21. 2021,8:00p,Utah Jazz,112,Houston Rockets,89,,"3,253",
Wed. Apr 21. 2021,8:00p,Atlanta Hawks,127,New York Knicks,137,OT,"1,981",
Wed. Apr 21. 2021,8:30p,Detroit Pistons,117,Dallas Mavericks,127,,"4,043",
Wed. Apr 21. 2021,8:30p,Miami Heat,107,San Antonio Spurs,87,,"4,229",
Wed. Apr 21. 2021,10:00p,Memphis Grizzlies,105,Los Angeles Clippers,117,,"1,782",
Wed. Apr 21. 2021,10:00p,Denver Nuggets,106,Portland Trail Blazers,105,,0,
Wed. Apr 21. 2021,10:00p,Minnesota Timberwolves,125,Sacramento Kings,128,,0,
Thu. Apr 22. 2021,7:00p,Phoenix Suns,86,Boston Celtics,99,,"2,298",
Thu. Apr 22. 2021,7:00p,Philadelphia 76ers,117,Milwaukee Bucks,124,,"3,280",
Thu. Apr 22. 2021,7:00p,New Orleans Pelicans,135,Orlando Magic,100,,"3,411",
Thu. Apr 22. 2021,8:30p,Detroit Pistons,91,San Antonio Spurs,106,,"3,334",
Thu. Apr 22. 2021,9:00p,Charlotte Hornets,91,Chicago Bulls,108,,0,
Thu. Apr 22. 2021,9:30p,Los Angeles Lakers,110,Dallas Mavericks,115,,"4,443",
Fri. Apr 23. 2021,7:30p,Miami Heat,103,Atlanta Hawks,118,,"2,985",
Fri. Apr 23. 2021,7:30p,Boston Celtics,104,Brooklyn Nets,109,,"1,773",
Fri. Apr 23. 2021,8:00p,Cleveland Cavaliers,102,Charlotte Hornets,108,,"4,060",
Fri. Apr 23. 2021,8:00p,Los Angeles Clippers,109,Houston Rockets,104,,"3,313",
Fri. Apr 23. 2021,8:00p,Washington Wizards,129,Oklahoma City Thunder,109,,0,
Fri. Apr 23. 2021,10:00p,Denver Nuggets,97,Golden State Warriors,118,,"1,935",
Fri. Apr 23. 2021,10:00p,Memphis Grizzlies,130,Portland Trail Blazers,128,,0,
Sat. Apr 24. 2021,1:00p,Toronto Raptors,103,New York Knicks,120,,"1,981",
Sat. Apr 24. 2021,3:30p,Philadelphia 76ers,94,Milwaukee Bucks,132,,"3,280",
Sat. Apr 24. 2021,7:00p,Detroit Pistons,109,Indiana Pacers,115,,0,
Sat. Apr 24. 2021,8:00p,Chicago Bulls,101,Miami Heat,106,,0,
Sat. Apr 24. 2021,8:00p,San Antonio Spurs,110,New Orleans Pelicans,108,,"3,700",
Sat. Apr 24. 2021,8:30p,Los Angeles Lakers,93,Dallas Mavericks,108,,"4,561",
Sat. Apr 24. 2021,9:00p,Minnesota Timberwolves,101,Utah Jazz,96,,0,
Sat. Apr 24. 2021,10:00p,Houston Rockets,116,Denver Nuggets,129,,"4,035",
Sun. Apr 25. 2021,1:00p,Boston Celtics,104,Charlotte Hornets,125,,"4,493",
Sun. Apr 25. 2021,3:30p,Phoenix Suns,119,Brooklyn Nets,128,,"1,773",
Sun. Apr 25. 2021,4:00p,Memphis Grizzlies,120,Portland Trail Blazers,113,,0,
Sun. Apr 25. 2021,7:00p,Cleveland Cavaliers,110,Washington Wizards,119,,"2,133",
Sun. Apr 25. 2021,7:30p,Milwaukee Bucks,104,Atlanta Hawks,111,,"3,010",
Sun. Apr 25. 2021,8:00p,Indiana Pacers,131,Orlando Magic,112,,"3,519",
Sun. Apr 25. 2021,10:00p,Sacramento Kings,113,Golden State Warriors,117,,"3,252",
Mon. Apr 26. 2021,7:00p,Atlanta Hawks,86,Detroit Pistons,100,,750,
Mon. Apr 26. 2021,7:00p,Los Angeles Lakers,114,Orlando Magic,103,,"4,099",
Mon. Apr 26. 2021,7:00p,Oklahoma City Thunder,90,Philadelphia 76ers,121,,"4,094",
Mon. Apr 26. 2021,7:00p,San Antonio Spurs,146,Washington Wizards,143,OT,"2,133",
Mon. Apr 26. 2021,7:30p,Phoenix Suns,118,New York Knicks,110,,"1,981",
Mon. Apr 26. 2021,7:30p,Cleveland Cavaliers,96,Toronto Raptors,112,,"1,626",
Mon. Apr 26. 2021,8:00p,Chicago Bulls,110,Miami Heat,102,,0,
Mon. Apr 26. 2021,8:00p,Utah Jazz,104,Minnesota Timberwolves,105,,"1,638",
Mon. Apr 26. 2021,8:00p,Los Angeles Clippers,103,New Orleans Pelicans,120,,"3,700",
Mon. Apr 26. 2021,9:00p,Memphis Grizzlies,96,Denver Nuggets,120,,"3,823",
Mon. Apr 26. 2021,10:00p,Dallas Mavericks,106,Sacramento Kings,113,,0,
Tue. Apr 27. 2021,7:00p,Oklahoma City Thunder,119,Boston Celtics,115,,"2,298",
Tue. Apr 27. 2021,7:00p,Milwaukee Bucks,114,Charlotte Hornets,104,,"3,240",
Tue. Apr 27. 2021,7:00p,Portland Trail Blazers,133,Indiana Pacers,112,,0,
Tue. Apr 27. 2021,7:30p,Brooklyn Nets,116,Toronto Raptors,103,,0,
Tue. Apr 27. 2021,9:00p,Minnesota Timberwolves,114,Houston Rockets,107,,"3,225",
Tue. Apr 27. 2021,9:30p,Dallas Mavericks,133,Golden State Warriors,103,,"3,613",
Wed. Apr 28. 2021,7:00p,Orlando Magic,109,Cleveland Cavaliers,104,,"4,148",
Wed. Apr 28. 2021,7:00p,Atlanta Hawks,83,Philadelphia 76ers,127,,"4,094",
Wed. Apr 28. 2021,7:30p,Charlotte Hornets,111,Boston Celtics,120,,"2,298",
Wed. Apr 28. 2021,7:30p,Chicago Bulls,94,New York Knicks,113,,"1,981",
Wed. Apr 28. 2021,7:30p,Los Angeles Lakers,107,Washington Wizards,116,,"2,133",
Wed. Apr 28. 2021,8:00p,San Antonio Spurs,111,Miami Heat,116,,0,
Wed. Apr 28. 2021,9:00p,New Orleans Pelicans,112,Denver Nuggets,114,,"4,022",
Wed. Apr 28. 2021,9:00p,Portland Trail Blazers,130,Memphis Grizzlies,109,,"3,427",
Wed. Apr 28. 2021,10:00p,Los Angeles Clippers,101,Phoenix Suns,109,,"5,917",
Wed. Apr 28. 2021,10:00p,Utah Jazz,154,Sacramento Kings,105,,0,
Thu. Apr 29. 2021,7:00p,Dallas Mavericks,115,Detroit Pistons,105,,750,
Thu. Apr 29. 2021,7:00p,Brooklyn Nets,130,Indiana Pacers,113,,0,
Thu. Apr 29. 2021,8:00p,Milwaukee Bucks,136,Houston Rockets,143,,"3,232",
Thu. Apr 29. 2021,8:00p,Golden State Warriors,114,Minnesota Timberwolves,126,,"1,638",
Thu. Apr 29. 2021,9:00p,Toronto Raptors,111,Denver Nuggets,121,,"4,025",
Thu. Apr 29. 2021,9:00p,New Orleans Pelicans,109,Oklahoma City Thunder,95,,0,
Fri. Apr 30. 2021,7:00p,Atlanta Hawks,104,Philadelphia 76ers,126,,"4,094",
Fri. Apr 30. 2021,7:30p,San Antonio Spurs,140,Boston Celtics,143,OT,"2,298",
Fri. Apr 30. 2021,7:30p,Washington Wizards,122,Cleveland Cavaliers,93,,"4,148",
Fri. Apr 30. 2021,8:00p,Portland Trail Blazers,128,Brooklyn Nets,109,,"1,773",
Fri. Apr 30. 2021,8:00p,Orlando Magic,75,Memphis Grizzlies,92,,"2,850",
Fri. Apr 30. 2021,9:00p,Milwaukee Bucks,108,Chicago Bulls,98,,0,
Fri. Apr 30. 2021,10:00p,Utah Jazz,100,Phoenix Suns,121,,"6,065",
Fri. Apr 30. 2021,10:30p,Sacramento Kings,110,Los Angeles Lakers,106,,"2,691",
Sat. May 1. 2021,7:00p,Detroit Pistons,94,Charlotte Hornets,107,,"3,766",
Sat. May 1. 2021,7:30p,Golden State Warriors,113,Houston Rockets,87,,"3,702",
Sat. May 1. 2021,8:00p,Chicago Bulls,97,Atlanta Hawks,108,,"3,053",
Sat. May 1. 2021,8:00p,Miami Heat,124,Cleveland Cavaliers,107,,"4,148",
Sat. May 1. 2021,8:00p,New Orleans Pelicans,140,Minnesota Timberwolves,136,OT,"1,638",
Sat. May 1. 2021,8:00p,Indiana Pacers,152,Oklahoma City Thunder,95,,0,
Sat. May 1. 2021,8:00p,Memphis Grizzlies,111,Orlando Magic,112,,"3,924",
Sat. May 1. 2021,9:00p,Washington Wizards,124,Dallas Mavericks,125,,"4,351",
Sat. May 1. 2021,10:00p,Denver Nuggets,110,Los Angeles Clippers,104,,"2,818",
Sat. May 1. 2021,10:00p,Toronto Raptors,102,Utah Jazz,106,,"6,506",
Sun. May 2. 2021,3:30p,Brooklyn Nets,114,Milwaukee Bucks,117,,"3,280",
Sun. May 2. 2021,7:30p,Portland Trail Blazers,129,Boston Celtics,119,,,
Sun. May 2. 2021,8:00p,Miami Heat,121,Charlotte Hornets,111,,"4,095",
Sun. May 2. 2021,8:00p,Sacramento Kings,111,Dallas Mavericks,99,,"4,268",
Sun. May 2. 2021,8:00p,New York Knicks,122,Houston Rockets,97,,"3,431",
Sun. May 2. 2021,8:00p,Phoenix Suns,123,Oklahoma City Thunder,120,,0,
Sun. May 2. 2021,8:00p,Philadelphia 76ers,113,San Antonio Spurs,111,OT,"3,978",
Sun. May 2. 2021,10:00p,Toronto Raptors,121,Los Angeles Lakers,114,,"2,053",
Mon. May 3. 2021,7:00p,Orlando Magic,119,Detroit Pistons,112,,750,
Mon. May 3. 2021,7:00p,Indiana Pacers,141,Washington Wizards,154,,0,
Mon. May 3. 2021,7:30p,Golden State Warriors,123,New Orleans Pelicans,108,,"3,700",
Mon. May 3. 2021,8:00p,Portland Trail Blazers,114,Atlanta Hawks,123,,"3,091",
Mon. May 3. 2021,9:00p,Philadelphia 76ers,106,Chicago Bulls,94,,0,
Mon. May 3. 2021,9:00p,New York Knicks,118,Memphis Grizzlies,104,,"2,789",
Mon. May 3. 2021,10:00p,Denver Nuggets,89,Los Angeles Lakers,93,,"2,454",
Mon. May 3. 2021,10:00p,San Antonio Spurs,99,Utah Jazz,110,,"6,506",
Tue. May 4. 2021,7:00p,Phoenix Suns,134,Cleveland Cavaliers,118,OT,"4,148",
Tue. May 4. 2021,7:00p,Charlotte Hornets,102,Detroit Pistons,99,,750,
Tue. May 4. 2021,7:30p,Brooklyn Nets,118,Milwaukee Bucks,124,,"3,280",
Tue. May 4. 2021,8:00p,Dallas Mavericks,127,Miami Heat,113,,0,
Tue. May 4. 2021,8:00p,Golden State Warriors,103,New Orleans Pelicans,108,,"3,700",
Tue. May 4. 2021,8:00p,Sacramento Kings,103,Oklahoma City Thunder,99,,0,
Tue. May 4. 2021,10:00p,Toronto Raptors,100,Los Angeles Clippers,105,,"1,714",
Wed. May 5. 2021,7:00p,Boston Celtics,132,Orlando Magic,96,,0,
Wed. May 5. 2021,7:30p,Portland Trail Blazers,141,Cleveland Cavaliers,105,,"4,148",
Wed. May 5. 2021,8:00p,Phoenix Suns,103,Atlanta Hawks,135,,"3,205",
Wed. May 5. 2021,8:00p,Philadelphia 76ers,135,Houston Rockets,115,,"3,583",
Wed. May 5. 2021,8:00p,Sacramento Kings,104,Indiana Pacers,93,,0,
Wed. May 5. 2021,8:00p,Washington Wizards,134,Milwaukee Bucks,135,,"3,280",
Wed. May 5. 2021,8:00p,Memphis Grizzlies,139,Minnesota Timberwolves,135,,"1,436",
Wed. May 5. 2021,9:00p,New York Knicks,97,Denver Nuggets,113,,"4,038",
Wed. May 5. 2021,9:00p,San Antonio Spurs,94,Utah Jazz,126,,"6,506",
Thu. May 6. 2021,7:00p,Chicago Bulls,120,Charlotte Hornets,99,,"3,769",
Thu. May 6. 2021,7:30p,Brooklyn Nets,109,Dallas Mavericks,113,,"4,602",
Thu. May 6. 2021,7:30p,Washington Wizards,131,Toronto Raptors,129,OT,"2,494",
Thu. May 6. 2021,8:00p,Memphis Grizzlies,97,Detroit Pistons,111,,750,
Thu. May 6. 2021,8:00p,Atlanta Hawks,126,Indiana Pacers,133,,0,
Thu. May 6. 2021,10:00p,Oklahoma City Thunder,97,Golden State Warriors,118,,"3,621",
Thu. May 6. 2021,10:00p,Los Angeles Lakers,94,Los Angeles Clippers,118,,"3,275",
Fri. May 7. 2021,7:00p,New Orleans Pelicans,107,Philadelphia 76ers,109,,"5,119",
Fri. May 7. 2021,7:30p,Boston Celtics,99,Chicago Bulls,121,,"3,399",
Fri. May 7. 2021,8:00p,Orlando Magic,112,Charlotte Hornets,122,,"3,751",
Fri. May 7. 2021,8:00p,Minnesota Timberwolves,112,Miami Heat,121,,0,
Fri. May 7. 2021,8:00p,Houston Rockets,133,Milwaukee Bucks,141,,"3,280",
Fri. May 7. 2021,8:30p,Cleveland Cavaliers,90,Dallas Mavericks,110,,"4,220",
Fri. May 7. 2021,9:00p,Denver Nuggets,120,Utah Jazz,127,,"6,506",
Fri. May 7. 2021,10:00p,New York Knicks,105,Phoenix Suns,128,,"8,063",
Fri. May 7. 2021,10:00p,Los Angeles Lakers,101,Portland Trail Blazers,106,,0,
Fri. May 7. 2021,10:00p,San Antonio Spurs,113,Sacramento Kings,104,,0,
Sat. May 8. 2021,7:00p,Washington Wizards,133,Indiana Pacers,132,OT,0,
Sat. May 8. 2021,7:00p,Detroit Pistons,104,Philadelphia 76ers,118,,"5,119",
Sat. May 8. 2021,7:30p,Memphis Grizzlies,109,Toronto Raptors,99,,0,
Sat. May 8. 2021,10:00p,Brooklyn Nets,125,Denver Nuggets,119,,"4,044",
Sat. May 8. 2021,10:00p,Oklahoma City Thunder,97,Golden State Warriors,136,,"4,155",
Sat. May 8. 2021,10:00p,San Antonio Spurs,102,Portland Trail Blazers,124,,"1,939",
Sat. May 8. 2021,10:00p,Houston Rockets,116,Utah Jazz,124,,"6,506",
Sun. May 9. 2021,1:00p,Miami Heat,130,Boston Celtics,124,,"2,298",
Sun. May 9. 2021,3:30p,New York Knicks,106,Los Angeles Clippers,100,,"2,578",
Sun. May 9. 2021,7:00p,New Orleans Pelicans,112,Charlotte Hornets,110,,"4,196",
Sun. May 9. 2021,7:00p,Dallas Mavericks,124,Cleveland Cavaliers,97,,"4,148",
Sun. May 9. 2021,7:00p,Minnesota Timberwolves,128,Orlando Magic,96,,"4,086",
Sun. May 9. 2021,8:00p,Chicago Bulls,108,Detroit Pistons,96,,750,
Sun. May 9. 2021,10:00p,Phoenix Suns,110,Los Angeles Lakers,123,,"3,144",
Sun. May 9. 2021,10:00p,Oklahoma City Thunder,98,Sacramento Kings,126,,0,
Mon. May 10. 2021,7:30p,Washington Wizards,124,Atlanta Hawks,125,,"3,054",
Mon. May 10. 2021,7:30p,Indiana Pacers,111,Cleveland Cavaliers,102,,"4,148",
Mon. May 10. 2021,8:00p,New Orleans Pelicans,110,Memphis Grizzlies,115,,"2,507",
Mon. May 10. 2021,8:30p,Milwaukee Bucks,125,San Antonio Spurs,146,,"3,992",
Mon. May 10. 2021,10:00p,Utah Jazz,116,Golden State Warriors,119,,"4,155",
Mon. May 10. 2021,10:00p,Houston Rockets,129,Portland Trail Blazers,140,,"1,939",
Tue. May 11. 2021,7:00p,Denver Nuggets,117,Charlotte Hornets,112,,"3,997",
Tue. May 11. 2021,7:00p,Minnesota Timberwolves,119,Detroit Pistons,100,,750,
Tue. May 11. 2021,7:30p,Miami Heat,129,Boston Celtics,121,,"4,789",
Tue. May 11. 2021,7:30p,Los Angeles Clippers,115,Toronto Raptors,96,,0,
Tue. May 11. 2021,8:00p,Brooklyn Nets,115,Chicago Bulls,107,,"3,434",
Tue. May 11. 2021,8:00p,Philadelphia 76ers,94,Indiana Pacers,103,,0,
Tue. May 11. 2021,8:00p,Dallas Mavericks,104,Memphis Grizzlies,133,,"2,684",
Tue. May 11. 2021,9:00p,Orlando Magic,102,Milwaukee Bucks,114,,"3,280",
Tue. May 11. 2021,10:00p,Phoenix Suns,116,Golden State Warriors,122,,"4,155",
Tue. May 11. 2021,10:00p,New York Knicks,99,Los Angeles Lakers,101,OT,"3,550",
Tue. May 11. 2021,10:00p,Oklahoma City Thunder,106,Sacramento Kings,122,,0,
Wed. May 12. 2021,7:00p,Washington Wizards,116,Atlanta Hawks,120,,"3,120",
Wed. May 12. 2021,8:00p,San Antonio Spurs,116,Brooklyn Nets,128,,"1,773",
Wed. May 12. 2021,8:00p,Boston Celtics,94,Cleveland Cavaliers,102,,"4,148",
Wed. May 12. 2021,9:00p,New Orleans Pelicans,107,Dallas Mavericks,125,,"4,373",
Wed. May 12. 2021,9:30p,Portland Trail Blazers,105,Utah Jazz,98,,"6,506",
Wed. May 12. 2021,10:30p,Houston Rockets,122,Los Angeles Lakers,124,,"4,087",
Thu. May 13. 2021,7:00p,Los Angeles Clippers,113,Charlotte Hornets,90,,"4,442",
Thu. May 13. 2021,7:00p,Milwaukee Bucks,142,Indiana Pacers,133,,,
Thu. May 13. 2021,7:30p,Orlando Magic,93,Atlanta Hawks,116,,"2,910",
Thu. May 13. 2021,7:30p,Philadelphia 76ers,94,Miami Heat,106,,0,
Thu. May 13. 2021,7:30p,San Antonio Spurs,98,New York Knicks,102,,"1,981",
Thu. May 13. 2021,8:00p,Toronto Raptors,102,Chicago Bulls,114,,"3,395",
Thu. May 13. 2021,8:00p,Sacramento Kings,110,Memphis Grizzlies,116,,"2,876",
Thu. May 13. 2021,8:00p,Denver Nuggets,114,Minnesota Timberwolves,103,,"1,638",
Thu. May 13. 2021,10:00p,Portland Trail Blazers,117,Phoenix Suns,118,,"8,359",
Fri. May 14. 2021,7:00p,Cleveland Cavaliers,105,Washington Wizards,120,,"5,333",
Fri. May 14. 2021,8:00p,Denver Nuggets,104,Detroit Pistons,91,,750,
Fri. May 14. 2021,8:00p,Utah Jazz,109,Oklahoma City Thunder,93,,0,
Fri. May 14. 2021,8:00p,Orlando Magic,97,Philadelphia 76ers,122,,"5,119",
Fri. May 14. 2021,9:00p,Toronto Raptors,110,Dallas Mavericks,114,,"4,493",
Fri. May 14. 2021,9:00p,Los Angeles Clippers,115,Houston Rockets,122,,"3,803",
Fri. May 14. 2021,9:00p,Sacramento Kings,106,Memphis Grizzlies,107,,"3,502",
Fri. May 14. 2021,9:30p,New Orleans Pelicans,122,Golden State Warriors,125,,"4,155",
Sat. May 15. 2021,1:00p,Chicago Bulls,91,Brooklyn Nets,105,,"1,773",
Sat. May 15. 2021,1:00p,Los Angeles Lakers,122,Indiana Pacers,115,,0,
Sat. May 15. 2021,1:00p,Charlotte Hornets,109,New York Knicks,118,OT,"1,981",
Sat. May 15. 2021,2:00p,Boston Celtics,124,Minnesota Timberwolves,108,,"1,638",
Sat. May 15. 2021,2:00p,Phoenix Suns,140,San Antonio Spurs,103,,"4,848",
Sat. May 15. 2021,8:00p,Miami Heat,108,Milwaukee Bucks,122,,"3,280",
Sun. May 16. 2021,1:00p,Boston Celtics,92,New York Knicks,96,,"1,981",
Sun. May 16. 2021,1:00p,Indiana Pacers,125,Toronto Raptors,113,,0,
Sun. May 16. 2021,1:00p,Charlotte Hornets,110,Washington Wizards,115,,"5,333",
Sun. May 16. 2021,2:00p,Phoenix Suns,123,San Antonio Spurs,121,,"4,738",
Sun. May 16. 2021,3:30p,Memphis Grizzlies,101,Golden State Warriors,113,,"4,416",
Sun. May 16. 2021,7:00p,Houston Rockets,95,Atlanta Hawks,124,,"3,045",
Sun. May 16. 2021,7:00p,Cleveland Cavaliers,109,Brooklyn Nets,123,,"1,773",
Sun. May 16. 2021,7:00p,Orlando Magic,117,Philadelphia 76ers,128,,"5,119",
Sun. May 16. 2021,8:00p,Miami Heat,120,Detroit Pistons,107,,750,
Sun. May 16. 2021,9:00p,Milwaukee Bucks,112,Chicago Bulls,118,,"3,427",
Sun. May 16. 2021,9:00p,Dallas Mavericks,121,Minnesota Timberwolves,136,,"1,638",
Sun. May 16. 2021,9:00p,Los Angeles Lakers,110,New Orleans Pelicans,98,,"3,700",
Sun. May 16. 2021,9:00p,Los Angeles Clippers,112,Oklahoma City Thunder,117,,0,
Sun. May 16. 2021,9:00p,Denver Nuggets,116,Portland Trail Blazers,132,,"1,939",
Sun. May 16. 2021,9:00p,Utah Jazz,121,Sacramento Kings,99,,0,
Tue. May 18. 2021,6:30p,Charlotte Hornets,117,Indiana Pacers,144,,0,
Tue. May 18. 2021,9:00p,Washington Wizards,100,Boston Celtics,118,,"4,789",
Wed. May 19. 2021,7:30p,San Antonio Spurs,96,Memphis Grizzlies,100,,"7,019",
Wed. May 19. 2021,10:00p,Golden State Warriors,100,Los Angeles Lakers,103,,"6,022",
Thu. May 20. 2021,8:00p,Indiana Pacers,115,Washington Wizards,142,,0,
Fri. May 21. 2021,9:00p,Memphis Grizzlies,117,Golden State Warriors,112,OT,"7,505",
Sat. May 22. 2021,2:00p,Miami Heat,107,Milwaukee Bucks,109,OT,"9,107",
Sat. May 22. 2021,4:30p,Dallas Mavericks,113,Los Angeles Clippers,103,,"6,117",
Sat. May 22. 2021,8:00p,Boston Celtics,93,Brooklyn Nets,104,,"14,391",
Sat. May 22. 2021,10:30p,Portland Trail Blazers,123,Denver Nuggets,109,,"7,732",
Sun. May 23. 2021,1:00p,Washington Wizards,118,Philadelphia 76ers,125,,"11,160",
Sun. May 23. 2021,3:30p,Los Angeles Lakers,90,Phoenix Suns,99,,"11,824",
Sun. May 23. 2021,7:00p,Atlanta Hawks,107,New York Knicks,105,,"15,047",
Sun. May 23. 2021,9:30p,Memphis Grizzlies,112,Utah Jazz,109,,"13,750",
Mon. May 24. 2021,7:30p,Miami Heat,98,Milwaukee Bucks,132,,"9,107",
Mon. May 24. 2021,10:00p,Portland Trail Blazers,109,Denver Nuggets,128,,"7,727",
Tue. May 25. 2021,7:30p,Boston Celtics,108,Brooklyn Nets,130,,"14,774",
Tue. May 25. 2021,10:00p,Los Angeles Lakers,109,Phoenix Suns,102,,"11,919",
Tue. May 25. 2021,10:30p,Dallas Mavericks,127,Los Angeles Clippers,121,,"6,885",
Wed. May 26. 2021,7:00p,Washington Wizards,95,Philadelphia 76ers,120,,"11,160",
Wed. May 26. 2021,7:30p,Atlanta Hawks,92,New York Knicks,101,,"16,254",
Wed. May 26. 2021,10:00p,Memphis Grizzlies,129,Utah Jazz,141,,"14,200",
Thu. May 27. 2021,7:30p,Milwaukee Bucks,113,Miami Heat,84,,"17,000",
Thu. May 27. 2021,10:00p,Phoenix Suns,95,Los Angeles Lakers,109,,"7,825",
Thu. May 27. 2021,10:30p,Denver Nuggets,120,Portland Trail Blazers,115,,"8,050",
Fri. May 28. 2021,7:00p,New York Knicks,94,Atlanta Hawks,105,,"15,743",
Fri. May 28. 2021,8:30p,Brooklyn Nets,119,Boston Celtics,125,,"4,789",
Fri. May 28. 2021,9:30p,Los Angeles Clippers,118,Dallas Mavericks,108,,"17,705",
Sat. May 29. 2021,1:30p,Milwaukee Bucks,120,Miami Heat,103,,"17,000",
Sat. May 29. 2021,4:00p,Denver Nuggets,95,Portland Trail Blazers,115,,"8,050",
Sat. May 29. 2021,7:00p,Philadelphia 76ers,132,Washington Wizards,103,,0,
Sat. May 29. 2021,9:30p,Utah Jazz,121,Memphis Grizzlies,111,,"12,185",
Sun. May 30. 2021,1:00p,New York Knicks,96,Atlanta Hawks,113,,"16,458",
Sun. May 30. 2021,3:30p,Phoenix Suns,100,Los Angeles Lakers,92,,"8,025",
Sun. May 30. 2021,7:00p,Brooklyn Nets,141,Boston Celtics,126,,"17,226",
Sun. May 30. 2021,9:30p,Los Angeles Clippers,106,Dallas Mavericks,81,,"17,761",
Mon. May 31. 2021,7:00p,Philadelphia 76ers,114,Washington Wizards,122,,"10,665",
Mon. May 31. 2021,9:30p,Utah Jazz,120,Memphis Grizzlies,113,,"12,185",
Tue. Jun 1. 2021,7:30p,Boston Celtics,109,Brooklyn Nets,123,,"14,993",
Tue. Jun 1. 2021,9:00p,Portland Trail Blazers,140,Denver Nuggets,147,2OT,"10,463",
Tue. Jun 1. 2021,10:00p,Los Angeles Lakers,85,Phoenix Suns,115,,"16,163",
Wed. Jun 2. 2021,7:00p,Washington Wizards,112,Philadelphia 76ers,129,,"15,523",
Wed. Jun 2. 2021,7:30p,Atlanta Hawks,103,New York Knicks,89,,"16,512",
Wed. Jun 2. 2021,9:30p,Memphis Grizzlies,110,Utah Jazz,126,,"14,250",
Wed. Jun 2. 2021,10:00p,Dallas Mavericks,105,Los Angeles Clippers,100,,"7,428",
Thu. Jun 3. 2021,8:00p,Denver Nuggets,126,Portland Trail Blazers,115,,"10,022",
Thu. Jun 3. 2021,10:30p,Phoenix Suns,113,Los Angeles Lakers,100,,"8,550",
Fri. Jun 4. 2021,9:00p,Los Angeles Clippers,104,Dallas Mavericks,97,,"18,324",
Sat. Jun 5. 2021,7:30p,Milwaukee Bucks,107,Brooklyn Nets,115,,"15,750",
Sun. Jun 6. 2021,1:00p,Atlanta Hawks,128,Philadelphia 76ers,124,,"18,624",
Sun. Jun 6. 2021,3:30p,Dallas Mavericks,111,Los Angeles Clippers,126,,"7,342",
Mon. Jun 7. 2021,7:30p,Milwaukee Bucks,86,Brooklyn Nets,125,,"15,776",
Mon. Jun 7. 2021,10:00p,Denver Nuggets,105,Phoenix Suns,122,,"16,219",
Tue. Jun 8. 2021,7:30p,Atlanta Hawks,102,Philadelphia 76ers,118,,"18,624",
Tue. Jun 8. 2021,10:00p,Los Angeles Clippers,109,Utah Jazz,112,,"18,007",
Wed. Jun 9. 2021,9:30p,Denver Nuggets,98,Phoenix Suns,123,,"16,529",
Thu. Jun 10. 2021,7:30p,Brooklyn Nets,83,Milwaukee Bucks,86,,"16,310",
Thu. Jun 10. 2021,10:00p,Los Angeles Clippers,111,Utah Jazz,117,,"18,007",
Fri. Jun 11. 2021,7:30p,Philadelphia 76ers,127,Atlanta Hawks,111,,"16,432",
Fri. Jun 11. 2021,10:00p,Phoenix Suns,116,Denver Nuggets,102,,"18,277",
Sat. Jun 12. 2021,8:30p,Utah Jazz,106,Los Angeles Clippers,132,,"8,185",
Sun. Jun 13. 2021,3:00p,Brooklyn Nets,96,Milwaukee Bucks,107,,"16,310",
Sun. Jun 13. 2021,8:00p,Phoenix Suns,125,Denver Nuggets,118,,"18,290",
Mon. Jun 14. 2021,7:30p,Philadelphia 76ers,100,Atlanta Hawks,103,,"16,502",
Mon. Jun 14. 2021,10:00p,Utah Jazz,104,Los Angeles Clippers,118,,"8,474",
Tue. Jun 15. 2021,8:30p,Milwaukee Bucks,108,Brooklyn Nets,114,,"16,067",
Wed. Jun 16. 2021,7:30p,Atlanta Hawks,109,Philadelphia 76ers,106,,"18,624",
Wed. Jun 16. 2021,10:00p,Los Angeles Clippers,119,Utah Jazz,111,,"18,007",
Thu. Jun 17. 2021,8:30p,Brooklyn Nets,89,Milwaukee Bucks,104,,"16,310",
Fri. Jun 18. 2021,7:30p,Philadelphia 76ers,104,Atlanta Hawks,99,,"16,610",
Fri. Jun 18. 2021,10:00p,Utah Jazz,119,Los Angeles Clippers,131,,"17,105",
Sat. Jun 19. 2021,8:30p,Milwaukee Bucks,115,Brooklyn Nets,111,OT,"16,287",
Sun. Jun 20. 2021,3:30p,Los Angeles Clippers,114,Phoenix Suns,120,,"16,583",
Sun. Jun 20. 2021,8:00p,Atlanta Hawks,103,Philadelphia 76ers,96,,"18,624",
Tue. Jun 22. 2021,9:00p,Los Angeles Clippers,103,Phoenix Suns,104,,"16,645",
Wed. Jun 23. 2021,8:30p,Atlanta Hawks,116,Milwaukee Bucks,113,,"16,310",
Thu. Jun 24. 2021,9:00p,Phoenix Suns,92,Los Angeles Clippers,106,,"17,222",
Fri. Jun 25. 2021,8:30p,Atlanta Hawks,91,Milwaukee Bucks,125,,"16,422",
Sat. Jun 26. 2021,9:00p,Phoenix Suns,84,Los Angeles Clippers,80,,"18,222",
Sun. Jun 27. 2021,8:30p,Milwaukee Bucks,113,Atlanta Hawks,102,,"16,650",
Mon. Jun 28. 2021,9:00p,Los Angeles Clippers,116,Phoenix Suns,102,,"16,664",
Tue. Jun 29. 2021,8:30p,Milwaukee Bucks,88,Atlanta Hawks,110,,"16,478",
Wed. Jun 30. 2021,9:00p,Phoenix Suns,130,Los Angeles Clippers,103,,"18,495",
Thu. Jul 1. 2021,8:30p,Atlanta Hawks,112,Milwaukee Bucks,123,,"16,389",
Sat. Jul 3. 2021,8:30p,Milwaukee Bucks,118,Atlanta Hawks,107,,"16,620",
Tue. Jul 6. 2021,9:00p,Milwaukee Bucks,105,Phoenix Suns,118,,"16,557",
Thu. Jul 8. 2021,9:00p,Milwaukee Bucks,108,Phoenix Suns,118,,"16,583",
Sun. Jul 11. 2021,8:00p,Phoenix Suns,100,Milwaukee Bucks,120,,"16,637",
Wed. Jul 14. 2021,9:00p,Phoenix Suns,103,Milwaukee Bucks,109,,"16,911",
Sat. Jul 17. 2021,9:00p,Milwaukee Bucks,123,Phoenix Suns,119,,"16,562",
Tue. Jul 20. 2021,9:00p,Phoenix Suns,98,Milwaukee Bucks,105,,"17,397",
